0,24.0
1,71.0
4,100.0
5,155.0
6,130.0
7,150.0
8,75.0
9,80.0
10,85.0
11,60.0
12,59.0
13,85.0
14,85.0
15,85.0
16,60.0
17,45.0
18,30.0
19,78.0
20,75.0
21,80.0
22,64.0
23,114.0
24,185.0
25,75.0
26,80.0
28,200.0
29,109.0
30,150.0
31,79.0
32,120.0
33,90.0
34,150.0
35,130.0
36,90.0
37,29.0
38,50.0
39,70.0
40,69.0
41,60.0
42,80.0
43,60.0
44,139.0
45,200.0
46,45.0
47,85.0
49,50.0
50,200.0
51,35.0
52,74.0
53,80.0
54,89.0
55,80.0
56,49.0
57,89.0
59,70.0
60,70.0
61,42.0
62,104.0
63,89.0
64,45.0
67,90.0
68,53.0
69,27.0
70,160.0
71,105.0
72,105.0
73,95.0
74,65.0
75,300.0
76,60.0
77,50.0
79,59.0
80,280.0
82,350.0
83,76.0
84,80.0
85,75.0
86,200.0
87,890.0
88,80.0
89,200.0
90,495.0
91,495.0
93,60.0
95,70.0
99,43.0
100,38.0
101,40.0
102,80.0
103,78.0
104,50.0
105,109.0
106,58.0
107,60.0
108,55.0
111,180.0
113,70.0
114,45.0
115,69.0
116,190.0
117,70.0
118,100.0
119,45.0
120,160.0
121,54.0
122,30.0
123,95.0
124,80.0
125,70.0
126,118.0
127,280.0
129,320.0
130,247.0
131,190.0
132,281.0
133,110.0
134,110.0
135,110.0
136,110.0
137,76.0
138,45.0
139,110.0
140,28.0
141,299.0
142,43.0
143,176.0
144,84.0
145,66.0
146,45.0
147,180.0
148,100.0
149,95.0
150,120.0
151,140.0
152,19.0
153,65.0
154,220.0
155,90.0
156,48.0
157,70.0
158,89.0
159,55.0
160,225.0
161,45.0
162,40.0
164,70.0
165,55.0
166,100.0
168,125.0
169,130.0
170,90.0
171,45.0
172,75.0
173,180.0
174,21.0
175,66.0
176,135.0
178,20.0
180,65.0
181,60.0
182,35.0
183,45.0
184,50.0
185,90.0
186,45.0
187,130.0
189,95.0
190,45.0
191,250.0
192,75.0
193,99.0
194,85.0
195,35.0
196,30.0
197,61.0
198,80.0
199,86.0
200,90.0
201,27.0
202,50.0
203,55.0
204,50.0
205,50.0
206,77.0
207,45.0
208,59.0
209,150.0
210,40.0
211,37.0
212,625.0
213,68.0
214,96.0
215,145.0
216,50.0
218,55.0
219,39.0
220,85.0
222,65.0
223,160.0
224,65.0
225,156.0
226,156.0
227,500.0
228,42.0
229,80.0
230,90.0
231,270.0
233,48.0
236,450.0
237,310.0
238,98.0
239,54.0
240,270.0
241,65.0
242,150.0
243,90.0
245,140.0
246,40.0
247,95.0
248,68.0
250,400.0
251,32.0
252,35.0
253,120.0
254,76.0
255,84.0
256,48.0
257,190.0
258,90.0
259,89.0
260,70.0
261,80.0
262,75.0
263,200.0
264,250.0
265,150.0
266,44.0
267,50.0
268,300.0
269,55.0
270,35.0
271,62.0
272,250.0
273,50.0
274,130.0
275,170.0
276,166.0
278,40.0
279,80.0
280,185.0
281,88.0
282,70.0
283,40.0
284,40.0
285,19.0
286,25.0
287,33.0
288,30.0
289,160.0
290,67.0
291,49.0
292,45.0
293,86.0
294,85.0
295,238.0
297,200.0
298,85.0
299,89.0
300,65.0
301,99.0
302,135.0
303,49.0
304,35.0
305,75.0
307,110.0
308,45.0
309,36.0
310,60.0
311,80.0
312,35.0
313,150.0
314,70.0
315,36.0
316,110.0
317,70.0
318,42.0
319,28.0
320,43.0
321,138.0
322,280.0
323,50.0
324,45.0
325,35.0
326,34.0
327,52.0
328,150.0
329,150.0
330,35.0
331,260.0
332,105.0
333,40.0
334,130.0
335,60.0
336,57.0
337,45.0
338,65.0
339,65.0
340,55.0
341,295.0
342,68.0
343,150.0
344,170.0
346,55.0
348,48.0
349,85.0
350,69.0
352,90.0
353,230.0
354,80.0
355,75.0
357,50.0
359,80.0
361,150.0
362,75.0
363,95.0
364,25.0
365,70.0
366,50.0
367,65.0
368,60.0
369,47.0
370,250.0
372,120.0
373,69.0
374,180.0
375,120.0
376,23.0
377,124.0
378,80.0
379,35.0
380,89.0
381,110.0
383,22.0
384,55.0
385,100.0
386,25.0
387,40.0
388,80.0
389,63.0
390,260.0
391,70.0
393,300.0
394,88.0
395,40.0
398,65.0
399,85.0
400,99.0
401,70.0
402,300.0
403,83.0
404,100.0
405,35.0
408,150.0
409,42.0
410,125.0
411,45.0
412,300.0
413,21.0
414,49.0
415,85.0
416,230.0
417,90.0
418,180.0
419,60.0
420,40.0
421,50.0
422,80.0
423,30.0
424,30.0
425,30.0
426,39.0
427,58.0
428,55.0
429,60.0
430,240.0
431,35.0
432,35.0
433,280.0
434,60.0
435,80.0
436,105.0
438,55.0
439,166.0
440,39.0
441,80.0
442,80.0
443,141.0
444,95.0
445,120.0
446,40.0
447,55.0
448,110.0
449,60.0
450,40.0
452,95.0
453,35.0
454,80.0
455,80.0
456,90.0
457,70.0
458,32.0
460,300.0
461,72.0
462,87.0
463,350.0
464,25.0
465,85.0
466,50.0
467,185.0
469,80.0
470,22.0
471,90.0
472,120.0
473,166.0
474,160.0
475,26.0
476,50.0
477,150.0
478,98.0
479,155.0
480,36.0
482,95.0
486,24.0
487,350.0
488,85.0
489,110.0
490,35.0
491,59.0
492,30.0
493,39.0
494,55.0
495,65.0
496,24.0
499,40.0
501,70.0
503,75.0
504,58.0
505,69.0
506,89.0
507,48.0
508,60.0
509,45.0
510,30.0
511,140.0
512,145.0
513,80.0
514,43.0
515,35.0
516,150.0
517,90.0
518,50.0
519,100.0
520,53.0
521,57.0
522,49.0
524,65.0
525,83.0
526,45.0
527,125.0
528,114.0
529,100.0
530,125.0
531,29.0
532,95.0
533,26.0
534,150.0
535,21.0
536,395.0
537,16.0
539,49.0
542,33.0
543,36.0
544,55.0
545,75.0
546,53.0
547,50.0
548,89.0
549,280.0
550,45.0
551,45.0
552,40.0
553,120.0
554,40.0
555,110.0
556,40.0
558,43.0
559,180.0
560,70.0
561,97.0
562,50.0
563,75.0
564,60.0
565,100.0
566,65.0
567,45.0
569,19.0
570,45.0
571,30.0
572,25.0
574,160.0
575,90.0
576,90.0
577,22.0
578,45.0
580,40.0
581,55.0
582,140.0
583,110.0
584,95.0
585,500.0
586,55.0
587,36.0
588,70.0
589,65.0
590,95.0
591,34.0
592,91.0
593,34.0
594,34.0
595,55.0
596,40.0
598,132.0
599,30.0
600,42.0
601,60.0
602,45.0
603,45.0
605,25.0
606,60.0
607,199.0
612,130.0
613,38.0
614,28.0
616,60.0
617,125.0
618,35.0
619,55.0
620,85.0
621,65.0
622,120.0
623,105.0
625,118.0
626,95.0
627,50.0
628,78.0
629,98.0
630,65.0
631,220.0
632,115.0
633,25.0
634,110.0
636,37.0
638,85.0
643,30.0
645,70.0
646,159.0
647,200.0
648,37.0
649,55.0
650,180.0
651,50.0
652,125.0
653,63.0
654,27.0
655,55.0
656,70.0
657,90.0
658,155.0
659,45.0
660,53.0
661,40.0
662,65.0
663,75.0
665,100.0
667,55.0
669,50.0
670,24.0
671,144.0
673,25.0
674,115.0
675,59.0
676,50.0
677,71.0
678,49.0
679,90.0
681,54.0
682,60.0
683,45.0
684,50.0
685,29.0
686,58.0
687,49.0
688,31.0
690,50.0
691,36.0
692,260.0
693,170.0
694,80.0
695,70.0
696,140.0
697,60.0
698,80.0
699,110.0
700,55.0
701,68.0
702,24.0
703,80.0
704,99.0
705,33.0
706,50.0
707,25.0
708,190.0
711,120.0
712,55.0
713,80.0
714,36.0
715,650.0
716,80.0
717,100.0
718,80.0
719,150.0
720,150.0
721,110.0
722,55.0
723,65.0
724,75.0
725,39.0
726,55.0
727,150.0
728,120.0
729,330.0
730,60.0
731,180.0
732,30.0
733,120.0
734,320.0
735,40.0
736,50.0
737,30.0
738,30.0
739,182.0
740,200.0
741,79.0
743,24.0
744,200.0
745,95.0
746,59.0
747,63.0
748,60.0
750,50.0
751,155.0
752,60.0
753,56.0
754,54.0
755,180.0
756,70.0
757,40.0
758,28.0
759,100.0
760,28.0
761,50.0
762,30.0
763,50.0
764,315.0
765,78.0
766,100.0
768,95.0
771,30.0
772,35.0
773,56.0
774,79.0
775,33.0
776,40.0
777,24.0
778,58.0
780,264.0
784,50.0
785,45.0
787,110.0
788,90.0
790,60.0
792,50.0
793,300.0
794,95.0
795,80.0
796,55.0
797,40.0
798,105.0
799,110.0
801,70.0
802,220.0
803,40.0
804,35.0
805,300.0
806,500.0
807,70.0
808,290.0
809,68.0
810,120.0
811,80.0
812,30.0
813,48.0
814,52.0
815,110.0
816,25.0
817,40.0
818,40.0
819,200.0
820,28.0
821,140.0
822,250.0
823,80.0
824,135.0
826,56.0
827,66.0
828,38.0
829,20.0
831,90.0
833,140.0
834,72.0
836,172.0
837,35.0
838,55.0
839,140.0
840,70.0
841,50.0
842,140.0
843,39.0
844,39.0
845,45.0
846,100.0
847,60.0
848,65.0
849,88.0
850,26.0
851,170.0
854,150.0
855,50.0
856,47.0
857,39.0
858,70.0
859,120.0
860,50.0
861,60.0
862,78.0
863,100.0
864,220.0
865,180.0
866,28.0
867,52.0
868,100.0
869,70.0
870,300.0
871,35.0
872,140.0
873,100.0
875,65.0
876,37.0
877,220.0
878,42.0
879,38.0
880,80.0
881,56.0
882,66.0
883,65.0
885,36.0
886,90.0
887,42.0
888,150.0
889,21.0
890,180.0
891,31.0
892,27.0
893,29.0
894,90.0
896,120.0
897,91.0
898,50.0
899,38.0
900,80.0
901,50.0
902,49.0
903,55.0
904,125.0
906,53.0
907,45.0
908,59.0
909,66.0
910,125.0
911,140.0
912,70.0
914,20.0
915,49.0
917,100.0
918,60.0
919,80.0
920,88.0
921,28.0
924,35.0
925,26.0
926,75.0
927,89.0
928,35.0
929,48.0
930,95.0
932,40.0
933,75.0
935,50.0
936,120.0
937,39.0
938,195.0
939,55.0
940,29.0
941,210.0
942,140.0
943,45.0
944,120.0
946,130.0
947,43.0
948,110.0
949,200.0
951,55.0
952,29.0
953,99.0
954,35.0
955,18.0
956,280.0
957,43.0
958,130.0
959,70.0
962,80.0
963,66.0
964,150.0
965,150.0
967,55.0
968,46.0
969,70.0
972,74.0
973,49.0
976,210.0
977,35.0
978,50.0
979,70.0
980,100.0
981,100.0
982,62.0
983,47.0
984,300.0
986,39.0
987,56.0
988,257.0
989,80.0
990,400.0
991,70.0
992,88.0
993,60.0
994,38.0
996,45.0
997,40.0
998,30.0
999,60.0
1001,50.0
1002,51.0
1003,310.0
1005,36.0
1008,165.0
1009,120.0
1010,120.0
1011,90.0
1012,120.0
1013,90.0
1015,25.0
1017,200.0
1019,95.0
1020,49.0
1021,52.0
1022,55.0
1023,97.0
1024,45.0
1026,225.0
1027,40.0
1028,139.0
1029,35.0
1030,480.0
1031,65.0
1032,39.0
1033,35.0
1034,420.0
1036,65.0
1037,56.0
1038,30.0
1039,120.0
1041,120.0
1042,61.0
1043,67.0
1044,50.0
1045,60.0
1046,150.0
1047,45.0
1048,55.0
1049,55.0
1050,215.0
1051,44.0
1052,48.0
1053,35.0
1054,85.0
1055,70.0
1056,50.0
1057,200.0
1059,29.0
1061,39.0
1063,45.0
1064,98.0
1067,50.0
1069,340.0
1071,29.0
1072,40.0
1073,215.0
1074,235.0
1075,68.0
1076,45.0
1077,68.0
1078,65.0
1081,160.0
1082,40.0
1083,200.0
1084,29.0
1085,89.0
1086,95.0
1088,65.0
1089,65.0
1092,170.0
1093,50.0
1095,85.0
1096,187.0
1097,150.0
1098,82.0
1099,105.0
1100,140.0
1104,40.0
1105,420.0
1106,37.0
1107,500.0
1108,27.0
1109,215.0
1110,65.0
1111,69.0
1112,75.0
1113,240.0
1114,92.0
1115,95.0
1116,17.0
1117,50.0
1119,350.0
1120,50.0
1121,45.0
1122,80.0
1123,26.0
1124,130.0
1125,60.0
1126,94.0
1127,36.0
1128,29.0
1129,150.0
1130,35.0
1131,250.0
1132,28.0
1133,29.0
1134,120.0
1135,38.0
1136,85.0
1138,70.0
1139,180.0
1140,40.0
1141,50.0
1143,69.0
1144,90.0
1145,150.0
1146,120.0
1147,45.0
1148,250.0
1149,74.0
1150,22.0
1151,68.0
1152,69.0
1153,95.0
1154,55.0
1155,85.0
1156,200.0
1158,40.0
1161,120.0
1162,115.0
1163,65.0
1164,100.0
1166,18.0
1167,50.0
1168,65.0
1169,98.0
1170,110.0
1171,40.0
1172,60.0
1173,90.0
1174,29.0
1175,60.0
1177,26.0
1178,75.0
1179,65.0
1180,200.0
1181,39.0
1182,42.0
1183,65.0
1184,42.0
1185,50.0
1186,50.0
1191,215.0
1192,30.0
1193,120.0
1196,29.0
1197,65.0
1198,38.0
1199,100.0
1201,100.0
1202,43.0
1203,195.0
1204,80.0
1205,130.0
1207,120.0
1208,180.0
1209,40.0
1211,110.0
1212,49.0
1213,300.0
1214,40.0
1216,74.0
1217,18.0
1218,34.0
1219,300.0
1221,45.0
1222,30.0
1223,35.0
1224,25.0
1225,80.0
1226,30.0
1227,250.0
1228,72.0
1229,95.0
1232,49.0
1233,50.0
1235,22.0
1236,160.0
1237,30.0
1238,50.0
1239,40.0
1240,40.0
1241,55.0
1242,85.0
1243,110.0
1244,45.0
1245,24.0
1246,108.0
1248,29.0
1250,55.0
1251,95.0
1252,100.0
1253,55.0
1254,70.0
1255,35.0
1256,80.0
1257,50.0
1259,23.0
1260,30.0
1261,40.0
1262,76.0
1263,270.0
1264,169.0
1265,44.0
1266,55.0
1267,100.0
1268,85.0
1269,50.0
1270,180.0
1271,50.0
1272,32.0
1273,100.0
1274,90.0
1275,24.0
1277,35.0
1278,46.0
1279,40.0
1280,50.0
1281,35.0
1282,120.0
1283,90.0
1284,37.0
1286,130.0
1287,80.0
1288,60.0
1289,70.0
1290,40.0
1292,75.0
1293,25.0
1294,100.0
1295,60.0
1296,150.0
1298,35.0
1299,30.0
1300,60.0
1301,50.0
1302,50.0
1303,100.0
1304,26.0
1305,39.0
1306,70.0
1311,35.0
1313,70.0
1314,30.0
1316,55.0
1317,60.0
1318,170.0
1319,70.0
1320,49.0
1321,32.0
1322,49.0
1323,50.0
1324,230.0
1325,70.0
1328,55.0
1330,22.0
1331,100.0
1332,20.0
1333,38.0
1334,60.0
1335,97.0
1337,80.0
1338,85.0
1339,65.0
1340,55.0
1343,50.0
1344,110.0
1347,55.0
1348,120.0
1349,100.0
1350,59.0
1351,45.0
1352,35.0
1354,53.0
1355,55.0
1356,100.0
1357,75.0
1358,35.0
1359,41.0
1360,35.0
1361,50.0
1362,40.0
1363,60.0
1366,88.0
1367,20.0
1369,90.0
1370,69.0
1371,40.0
1373,75.0
1374,42.0
1375,50.0
1376,74.0
1377,80.0
1378,130.0
1381,120.0
1383,60.0
1384,180.0
1385,50.0
1386,50.0
1387,35.0
1388,45.0
1389,60.0
1390,56.0
1392,50.0
1393,45.0
1394,88.0
1395,146.0
1396,30.0
1397,70.0
1401,43.0
1402,55.0
1403,72.0
1404,50.0
1405,150.0
1406,60.0
1408,285.0
1409,50.0
1411,300.0
1412,74.0
1413,35.0
1415,30.0
1418,40.0
1419,30.0
1420,90.0
1423,50.0
1424,100.0
1425,50.0
1428,40.0
1429,35.0
1430,30.0
1431,55.0
1432,23.0
1433,24.0
1434,20.0
1435,54.0
1436,70.0
1437,79.0
1438,54.0
1439,200.0
1440,350.0
1441,75.0
1442,55.0
1443,48.0
1444,55.0
1445,95.0
1446,58.0
1447,23.0
1448,76.0
1449,70.0
1450,60.0
1451,36.0
1452,55.0
1455,29.0
1456,50.0
1458,85.0
1459,65.0
1460,155.0
1461,35.0
1463,90.0
1464,95.0
1465,43.0
1466,89.0
1467,65.0
1468,69.0
1469,33.0
1470,90.0
1473,150.0
1474,60.0
1475,50.0
1476,27.0
1477,30.0
1478,59.0
1479,90.0
1480,57.0
1481,60.0
1483,60.0
1484,90.0
1485,100.0
1486,66.0
1487,80.0
1489,90.0
1490,120.0
1491,55.0
1492,28.0
1494,180.0
1496,100.0
1497,89.0
1500,35.0
1501,50.0
1502,100.0
1505,50.0
1506,110.0
1507,25.0
1508,215.0
1510,23.0
1511,100.0
1512,100.0
1513,300.0
1515,105.0
1516,40.0
1517,33.0
1518,65.0
1519,70.0
1521,42.0
1522,65.0
1523,95.0
1524,52.0
1525,70.0
1527,55.0
1529,25.0
1530,31.0
1531,48.0
1532,151.0
1533,160.0
1534,70.0
1535,60.0
1536,51.0
1537,45.0
1538,40.0
1539,70.0
1540,80.0
1542,35.0
1543,350.0
1544,90.0
1545,80.0
1546,50.0
1547,50.0
1548,80.0
1549,37.0
1550,50.0
1551,99.0
1552,75.0
1553,230.0
1554,180.0
1555,25.0
1556,40.0
1557,49.0
1558,65.0
1559,85.0
1560,37.0
1561,58.0
1562,75.0
1563,20.0
1564,70.0
1565,75.0
1566,23.0
1567,33.0
1568,79.0
1569,150.0
1571,55.0
1572,44.0
1574,75.0
1575,27.0
1576,23.0
1577,45.0
1578,130.0
1579,45.0
1580,45.0
1581,50.0
1582,48.0
1583,40.0
1584,60.0
1585,90.0
1586,120.0
1587,55.0
1588,35.0
1590,55.0
1591,49.0
1592,150.0
1593,70.0
1594,74.0
1595,75.0
1596,50.0
1597,69.0
1598,50.0
1600,40.0
1601,55.0
1602,45.0
1604,155.0
1605,120.0
1609,75.0
1610,75.0
1612,28.0
1613,60.0
1614,65.0
1615,380.0
1616,54.0
1618,80.0
1619,35.0
1621,25.0
1623,32.0
1624,50.0
1625,69.0
1626,65.0
1628,60.0
1629,45.0
1630,190.0
1631,80.0
1632,160.0
1633,60.0
1634,42.0
1635,80.0
1636,85.0
1637,89.0
1638,25.0
1639,215.0
1640,70.0
1641,40.0
1642,40.0
1643,325.0
1644,40.0
1645,50.0
1646,69.0
1647,145.0
1648,58.0
1649,64.0
1650,43.0
1651,45.0
1652,90.0
1653,75.0
1654,50.0
1656,95.0
1657,149.0
1658,30.0
1659,31.0
1660,42.0
1662,55.0
1663,45.0
1664,50.0
1665,65.0
1666,32.0
1667,55.0
1668,100.0
1669,35.0
1670,45.0
1671,31.0
1672,29.0
1673,290.0
1674,45.0
1675,65.0
1676,200.0
1679,74.0
1680,40.0
1681,250.0
1682,150.0
1683,84.0
1685,27.0
1687,29.0
1689,55.0
1690,34.0
1691,37.0
1692,156.0
1693,52.0
1694,29.0
1695,35.0
1696,40.0
1697,28.0
1698,40.0
1700,38.0
1702,46.0
1703,24.0
1704,33.0
1705,33.0
1706,80.0
1707,50.0
1709,50.0
1710,40.0
1711,70.0
1712,62.0
1713,35.0
1714,110.0
1715,45.0
1716,57.0
1717,80.0
1719,24.0
1720,34.0
1721,80.0
1722,90.0
1725,45.0
1726,35.0
1727,69.0
1728,49.0
1729,60.0
1730,143.0
1731,90.0
1732,49.0
1733,229.0
1734,80.0
1735,28.0
1736,47.0
1738,200.0
1739,32.0
1741,29.0
1742,17.0
1743,73.0
1744,32.0
1745,55.0
1746,100.0
1747,60.0
1748,120.0
1749,25.0
1750,40.0
1751,69.0
1752,25.0
1753,41.0
1754,150.0
1757,188.0
1758,100.0
1759,26.0
1760,26.0
1761,32.0
1762,25.0
1763,13.0
1764,36.0
1765,36.0
1766,22.0
1767,75.0
1768,37.0
1770,50.0
1771,45.0
1772,115.0
1773,100.0
1776,30.0
1777,53.0
1778,40.0
1780,55.0
1781,150.0
1782,30.0
1783,60.0
1784,35.0
1785,180.0
1786,200.0
1787,250.0
1788,33.0
1789,24.0
1790,22.0
1791,50.0
1792,25.0
1794,50.0
1795,250.0
1796,45.0
1798,25.0
1799,135.0
1800,29.0
1801,35.0
1803,65.0
1804,75.0
1805,55.0
1806,55.0
1807,90.0
1809,25.0
1810,35.0
1811,39.0
1812,45.0
1813,59.0
1814,35.0
1815,34.0
1816,35.0
1817,55.0
1819,50.0
1820,199.0
1821,65.0
1824,25.0
1825,28.0
1826,40.0
1827,80.0
1828,48.0
1829,30.0
1830,187.0
1831,68.0
1833,25.0
1834,55.0
1837,67.0
1838,37.0
1839,23.0
1840,195.0
1842,55.0
1843,50.0
1844,33.0
1846,40.0
1847,50.0
1848,25.0
1849,80.0
1850,43.0
1851,50.0
1853,25.0
1854,30.0
1855,55.0
1856,52.0
1857,45.0
1859,50.0
1860,40.0
1862,32.0
1863,41.0
1864,282.0
1865,70.0
1866,185.0
1867,50.0
1868,40.0
1869,90.0
1870,110.0
1872,60.0
1873,60.0
1874,190.0
1875,80.0
1876,35.0
1877,300.0
1878,90.0
1880,29.0
1881,60.0
1882,28.0
1884,50.0
1885,125.0
1886,36.0
1887,17.0
1888,44.0
1889,69.0
1890,30.0
1891,15.0
1892,190.0
1894,55.0
1896,300.0
1897,239.0
1898,43.0
1899,60.0
1900,55.0
1901,15.0
1902,37.0
1904,60.0
1905,90.0
1906,130.0
1907,50.0
1910,560.0
1911,33.0
1912,35.0
1913,90.0
1914,42.0
1915,40.0
1917,43.0
1918,52.0
1919,95.0
1920,35.0
1921,106.0
1922,65.0
1923,100.0
1924,160.0
1925,100.0
1926,25.0
1927,55.0
1928,33.0
1930,50.0
1931,22.0
1932,35.0
1933,50.0
1934,55.0
1936,36.0
1937,45.0
1939,45.0
1940,45.0
1941,25.0
1942,250.0
1943,130.0
1944,9.0
1945,66.0
1946,128.0
1947,105.0
1948,49.0
1952,140.0
1953,20.0
1954,39.0
1955,30.0
1956,41.0
1957,55.0
1958,25.0
1960,80.0
1961,61.0
1962,130.0
1963,80.0
1965,55.0
1968,60.0
1970,70.0
1971,80.0
1972,55.0
1974,40.0
1975,68.0
1976,48.0
1978,65.0
1979,65.0
1980,125.0
1981,60.0
1982,70.0
1983,44.0
1984,156.0
1985,70.0
1986,55.0
1988,30.0
1989,28.0
1990,38.0
1992,150.0
1993,190.0
1994,360.0
1996,290.0
1997,35.0
1998,120.0
2000,30.0
2001,80.0
2002,35.0
2003,35.0
2004,35.0
2005,35.0
2006,40.0
2007,35.0
2008,31.0
2010,58.0
2012,75.0
2014,80.0
2015,40.0
2016,100.0
2017,98.0
2018,40.0
2020,71.0
2021,50.0
2022,48.0
2023,43.0
2024,22.0
2025,35.0
2027,14.0
2028,80.0
2030,38.0
2031,50.0
2032,100.0
2034,80.0
2035,120.0
2036,54.0
2037,166.0
2039,85.0
2040,18.0
2041,79.0
2042,20.0
2043,220.0
2044,95.0
2045,65.0
2046,110.0
2047,40.0
2048,57.0
2049,200.0
2050,340.0
2051,400.0
2052,25.0
2053,43.0
2054,20.0
2056,22.0
2057,50.0
2059,70.0
2060,68.0
2061,70.0
2062,280.0
2063,65.0
2064,200.0
2066,75.0
2067,41.0
2068,70.0
2069,45.0
2070,180.0
2072,35.0
2073,100.0
2074,100.0
2075,125.0
2076,35.0
2078,26.0
2080,30.0
2081,40.0
2082,29.0
2084,19.0
2087,50.0
2089,38.0
2090,370.0
2091,48.0
2092,38.0
2093,70.0
2094,50.0
2096,207.0
2097,31.0
2098,80.0
2099,35.0
2100,55.0
2102,70.0
2104,65.0
2105,110.0
2106,145.0
2107,100.0
2108,80.0
2109,120.0
2112,95.0
2113,60.0
2114,45.0
2115,70.0
2116,41.0
2117,29.0
2118,135.0
2121,60.0
2124,32.0
2125,30.0
2126,65.0
2127,45.0
2129,250.0
2130,80.0
2132,60.0
2133,110.0
2134,240.0
2135,50.0
2136,45.0
2138,80.0
2139,43.0
2140,32.0
2141,67.0
2142,250.0
2144,80.0
2145,98.0
2146,60.0
2147,43.0
2148,50.0
2149,25.0
2150,42.0
2151,185.0
2153,65.0
2154,200.0
2155,60.0
2156,55.0
2158,55.0
2159,110.0
2160,20.0
2161,80.0
2163,50.0
2164,142.0
2165,70.0
2168,62.0
2169,180.0
2170,150.0
2171,50.0
2172,100.0
2173,70.0
2174,90.0
2175,40.0
2176,37.0
2178,50.0
2179,60.0
2180,55.0
2181,46.0
2182,50.0
2183,70.0
2185,100.0
2186,26.0
2187,48.0
2188,65.0
2189,180.0
2190,58.0
2191,50.0
2192,69.0
2193,50.0
2194,39.0
2195,40.0
2196,65.0
2197,105.0
2198,105.0
2201,40.0
2202,95.0
2203,260.0
2205,70.0
2206,90.0
2207,72.0
2208,25.0
2209,33.0
2210,70.0
2211,100.0
2212,65.0
2213,38.0
2214,89.0
2218,33.0
2219,90.0
2220,40.0
2221,78.0
2222,80.0
2223,45.0
2224,220.0
2225,80.0
2226,50.0
2227,165.0
2229,56.0
2230,45.0
2231,80.0
2232,35.0
2233,95.0
2234,800.0
2235,59.0
2236,310.0
2237,35.0
2238,65.0
2241,90.0
2242,45.0
2243,28.0
2244,85.0
2245,75.0
2246,50.0
2247,40.0
2248,115.0
2249,85.0
2252,55.0
2253,50.0
2255,300.0
2257,75.0
2258,32.0
2259,50.0
2260,95.0
2261,25.0
2262,150.0
2264,80.0
2266,50.0
2267,55.0
2268,210.0
2269,35.0
2271,46.0
2273,60.0
2274,80.0
2275,50.0
2277,120.0
2278,48.0
2279,27.0
2280,60.0
2281,50.0
2282,75.0
2283,35.0
2284,75.0
2285,62.0
2286,100.0
2287,49.0
2288,75.0
2289,76.0
2290,250.0
2291,34.0
2292,49.0
2293,220.0
2294,35.0
2295,89.0
2296,50.0
2297,50.0
2299,45.0
2300,60.0
2301,35.0
2302,55.0
2303,45.0
2304,190.0
2305,100.0
2306,60.0
2307,105.0
2308,65.0
2309,35.0
2310,450.0
2311,99.0
2312,40.0
2313,50.0
2315,60.0
2318,32.0
2319,119.0
2320,225.0
2321,100.0
2324,90.0
2325,24.0
2326,39.0
2328,30.0
2329,79.0
2332,60.0
2333,128.0
2334,71.0
2335,35.0
2336,85.0
2337,80.0
2338,250.0
2339,65.0
2341,98.0
2342,39.0
2345,90.0
2346,150.0
2347,48.0
2348,180.0
2349,80.0
2350,75.0
2351,80.0
2353,100.0
2354,89.0
2355,53.0
2356,35.0
2357,110.0
2358,115.0
2359,40.0
2360,79.0
2363,49.0
2364,50.0
2366,235.0
2367,40.0
2368,89.0
2369,115.0
2370,39.0
2371,35.0
2372,169.0
2374,160.0
2375,35.0
2376,104.0
2377,79.0
2378,55.0
2379,80.0
2380,250.0
2381,35.0
2383,30.0
2384,130.0
2385,46.0
2386,55.0
2387,96.0
2388,115.0
2389,52.0
2390,79.0
2391,21.0
2393,210.0
2394,150.0
2395,45.0
2396,45.0
2397,67.0
2402,65.0
2404,85.0
2406,29.0
2407,120.0
2410,135.0
2411,45.0
2412,85.0
2413,40.0
2414,22.0
2417,35.0
2418,51.0
2419,80.0
2420,50.0
2421,180.0
2422,60.0
2423,40.0
2424,45.0
2426,290.0
2427,150.0
2429,120.0
2430,75.0
2431,80.0
2432,45.0
2433,39.0
2434,115.0
2437,96.0
2439,195.0
2441,45.0
2442,45.0
2443,35.0
2444,40.0
2445,99.0
2446,290.0
2447,29.0
2448,150.0
2450,58.0
2451,75.0
2452,156.0
2454,34.0
2455,74.0
2456,198.0
2457,79.0
2458,49.0
2459,100.0
2460,560.0
2461,82.0
2462,138.0
2463,29.0
2464,37.0
2465,20.0
2466,50.0
2467,125.0
2468,50.0
2469,46.0
2471,210.0
2472,85.0
2473,95.0
2476,30.0
2477,30.0
2478,50.0
2480,30.0
2481,110.0
2484,65.0
2485,100.0
2486,45.0
2488,62.0
2489,28.0
2490,300.0
2491,99.0
2492,60.0
2494,65.0
2495,50.0
2496,32.0
2497,90.0
2498,130.0
2499,51.0
2500,55.0
2502,40.0
2503,149.0
2504,50.0
2505,55.0
2506,80.0
2507,25.0
2508,50.0
2509,40.0
2510,80.0
2511,50.0
2512,49.0
2513,130.0
2515,150.0
2516,45.0
2517,150.0
2518,65.0
2519,100.0
2520,40.0
2521,80.0
2523,65.0
2524,38.0
2525,80.0
2526,60.0
2528,90.0
2529,100.0
2530,60.0
2531,285.0
2532,65.0
2535,400.0
2537,75.0
2538,130.0
2539,149.0
2540,55.0
2541,60.0
2543,96.0
2544,180.0
2547,64.0
2548,55.0
2549,134.0
2551,90.0
2552,55.0
2553,35.0
2554,60.0
2555,35.0
2556,80.0
2557,30.0
2559,100.0
2560,120.0
2561,40.0
2562,67.0
2564,60.0
2566,125.0
2567,25.0
2568,50.0
2570,24.0
2571,29.0
2572,170.0
2574,80.0
2575,110.0
2576,120.0
2577,35.0
2579,35.0
2580,30.0
2581,205.0
2583,35.0
2584,27.0
2585,60.0
2586,54.0
2587,20.0
2588,80.0
2589,32.0
2590,50.0
2591,49.0
2593,60.0
2594,30.0
2596,28.0
2597,55.0
2598,60.0
2599,40.0
2600,49.0
2601,90.0
2602,250.0
2603,60.0
2604,95.0
2605,180.0
2606,90.0
2607,40.0
2610,152.0
2611,19.0
2612,40.0
2613,80.0
2614,36.0
2615,40.0
2616,30.0
2617,60.0
2622,45.0
2623,60.0
2624,25.0
2625,36.0
2626,40.0
2627,80.0
2629,140.0
2632,32.0
2633,87.0
2634,75.0
2635,30.0
2636,90.0
2637,55.0
2638,50.0
2639,85.0
2640,330.0
2641,19.0
2642,110.0
2643,120.0
2644,120.0
2645,50.0
2646,48.0
2647,140.0
2649,18.0
2652,95.0
2653,107.0
2654,50.0
2655,50.0
2656,30.0
2657,60.0
2659,160.0
2660,100.0
2661,70.0
2662,42.0
2663,75.0
2665,200.0
2666,345.0
2668,55.0
2669,90.0
2670,60.0
2671,30.0
2672,35.0
2673,120.0
2674,39.0
2676,100.0
2678,85.0
2680,39.0
2681,25.0
2682,19.0
2684,65.0
2686,40.0
2688,19.0
2689,65.0
2690,65.0
2691,89.0
2692,45.0
2693,16.0
2694,49.0
2695,600.0
2696,160.0
2697,130.0
2698,200.0
2699,95.0
2700,21.0
2701,60.0
2702,120.0
2703,106.0
2704,95.0
2705,300.0
2708,300.0
2709,99.0
2710,75.0
2711,30.0
2713,24.0
2714,55.0
2715,29.0
2716,80.0
2717,111.0
2718,65.0
2719,28.0
2720,95.0
2721,80.0
2722,80.0
2724,35.0
2725,65.0
2726,70.0
2727,88.0
2728,55.0
2730,148.0
2732,95.0
2733,25.0
2734,32.0
2735,55.0
2737,33.0
2739,30.0
2740,32.0
2741,100.0
2742,158.0
2743,20.0
2744,80.0
2746,35.0
2747,75.0
2748,95.0
2750,85.0
2751,45.0
2752,65.0
2756,90.0
2758,29.0
2759,200.0
2760,59.0
2761,40.0
2762,33.0
2763,65.0
2764,49.0
2765,60.0
2767,35.0
2769,40.0
2770,69.0
2773,35.0
2774,190.0
2775,86.0
2777,80.0
2778,50.0
2779,39.0
2780,85.0
2781,250.0
2782,65.0
2784,49.0
2785,25.0
2786,60.0
2787,52.0
2788,100.0
2789,40.0
2790,52.0
2791,70.0
2792,90.0
2793,49.0
2794,120.0
2795,55.0
2797,29.0
2798,50.0
2799,160.0
2800,29.0
2801,70.0
2802,65.0
2805,100.0
2806,140.0
2808,169.0
2809,26.0
2810,390.0
2811,72.0
2812,100.0
2813,60.0
2815,99.0
2816,85.0
2817,45.0
2818,86.0
2819,350.0
2820,80.0
2821,80.0
2822,41.0
2823,30.0
2824,70.0
2825,35.0
2826,42.0
2827,30.0
2830,68.0
2831,90.0
2833,250.0
2834,45.0
2835,49.0
2837,65.0
2840,65.0
2841,110.0
2843,69.0
2844,30.0
2845,35.0
2847,65.0
2848,35.0
2849,50.0
2851,98.0
2853,46.0
2854,32.0
2855,110.0
2856,50.0
2857,26.0
2861,48.0
2862,120.0
2865,55.0
2866,75.0
2867,75.0
2869,90.0
2870,130.0
2871,30.0
2873,57.0
2874,57.0
2875,56.0
2876,55.0
2878,30.0
2879,50.0
2880,90.0
2883,160.0
2884,30.0
2885,32.0
2886,37.0
2887,60.0
2888,80.0
2889,45.0
2890,39.0
2891,80.0
2892,25.0
2893,45.0
2894,180.0
2895,150.0
2898,59.0
2899,55.0
2900,100.0
2902,90.0
2903,90.0
2904,25.0
2905,90.0
2906,42.0
2907,59.0
2910,45.0
2911,60.0
2912,45.0
2913,75.0
2914,100.0
2915,69.0
2916,52.0
2917,120.0
2918,25.0
2919,70.0
2920,75.0
2921,50.0
2922,40.0
2923,600.0
2924,27.0
2925,115.0
2926,40.0
2927,95.0
2928,150.0
2930,80.0
2931,120.0
2932,50.0
2933,179.0
2934,39.0
2936,58.0
2937,18.0
2938,30.0
2939,30.0
2941,35.0
2942,50.0
2943,390.0
2945,27.0
2946,70.0
2949,70.0
2950,60.0
2951,40.0
2953,45.0
2955,35.0
2956,65.0
2957,39.0
2959,75.0
2960,39.0
2963,70.0
2964,48.0
2965,450.0
2967,50.0
2969,100.0
2970,67.0
2971,68.0
2972,75.0
2973,35.0
2975,50.0
2978,320.0
2979,36.0
2980,95.0
2982,82.0
2983,37.0
2984,160.0
2985,80.0
2987,300.0
2988,65.0
2989,79.0
2991,13.0
2993,90.0
2994,310.0
2995,40.0
2996,55.0
2997,80.0
3000,35.0
3003,160.0
3006,100.0
3007,46.0
3008,38.0
3010,50.0
3012,27.0
3013,40.0
3014,30.0
3016,90.0
3017,550.0
3018,28.0
3019,40.0
3020,32.0
3021,110.0
3023,42.0
3024,90.0
3026,35.0
3028,150.0
3031,50.0
3032,70.0
3035,20.0
3036,110.0
3037,55.0
3038,150.0
3040,100.0
3041,28.0
3042,300.0
3043,110.0
3044,33.0
3045,70.0
3046,20.0
3047,45.0
3048,70.0
3049,111.0
3050,50.0
3053,50.0
3054,50.0
3055,74.0
3056,125.0
3057,50.0
3059,187.0
3060,105.0
3062,90.0
3063,32.0
3064,50.0
3065,28.0
3066,64.0
3067,35.0
3068,130.0
3070,25.0
3072,110.0
3073,30.0
3076,105.0
3078,30.0
3079,75.0
3080,40.0
3082,110.0
3085,40.0
3086,95.0
3087,95.0
3088,95.0
3089,95.0
3090,135.0
3091,40.0
3094,40.0
3095,120.0
3096,40.0
3097,100.0
3098,32.0
3100,50.0
3102,49.0
3104,47.0
3105,170.0
3106,30.0
3107,60.0
3108,95.0
3109,95.0
3110,95.0
3111,40.0
3112,40.0
3114,55.0
3115,30.0
3119,75.0
3121,59.0
3122,45.0
3125,55.0
3126,50.0
3128,30.0
3129,200.0
3130,45.0
3131,40.0
3132,55.0
3133,40.0
3135,48.0
3136,50.0
3137,60.0
3138,35.0
3139,51.0
3140,151.0
3142,40.0
3143,50.0
3144,156.0
3145,115.0
3147,39.0
3149,149.0
3150,85.0
3151,50.0
3152,19.0
3154,49.0
3155,14.0
3156,120.0
3159,135.0
3160,156.0
3163,52.0
3164,200.0
3165,135.0
3166,90.0
3167,45.0
3169,30.0
3170,45.0
3171,58.0
3174,50.0
3175,90.0
3176,52.0
3177,195.0
3178,70.0
3179,130.0
3180,45.0
3181,40.0
3182,200.0
3183,70.0
3184,46.0
3187,70.0
3188,282.0
3189,50.0
3193,150.0
3194,35.0
3195,165.0
3196,97.0
3199,70.0
3200,40.0
3201,400.0
3203,70.0
3204,35.0
3205,35.0
3206,30.0
3207,44.0
3208,13.0
3209,31.0
3211,70.0
3213,130.0
3214,110.0
3215,60.0
3217,70.0
3218,27.0
3220,59.0
3223,39.0
3224,16.0
3225,50.0
3226,78.0
3227,81.0
3229,30.0
3230,75.0
3231,49.0
3232,95.0
3233,20.0
3235,65.0
3236,40.0
3239,37.0
3240,30.0
3241,95.0
3242,35.0
3243,50.0
3244,30.0
3246,28.0
3247,45.0
3248,30.0
3249,60.0
3250,99.0
3251,44.0
3253,22.0
3254,40.0
3255,45.0
3256,35.0
3257,80.0
3258,51.0
3260,70.0
3261,31.0
3262,300.0
3263,30.0
3265,50.0
3266,200.0
3267,35.0
3270,167.0
3271,125.0
3272,33.0
3273,50.0
3274,40.0
3275,50.0
3277,44.0
3281,19.0
3282,24.0
3283,50.0
3286,39.0
3287,140.0
3288,28.0
3289,36.0
3290,88.0
3292,40.0
3293,55.0
3294,70.0
3295,40.0
3296,39.0
3300,55.0
3302,84.0
3303,172.0
3304,80.0
3305,60.0
3306,160.0
3307,31.0
3308,100.0
3309,25.0
3310,30.0
3311,25.0
3312,35.0
3316,130.0
3319,50.0
3320,40.0
3322,46.0
3323,25.0
3324,30.0
3325,95.0
3326,95.0
3327,34.0
3328,33.0
3329,85.0
3332,50.0
3333,43.0
3334,50.0
3335,45.0
3336,25.0
3337,40.0
3338,28.0
3339,50.0
3340,69.0
3341,54.0
3342,50.0
3343,60.0
3345,47.0
3346,25.0
3347,55.0
3348,23.0
3349,50.0
3350,50.0
3353,34.0
3355,45.0
3356,45.0
3357,78.0
3359,180.0
3360,26.0
3361,55.0
3362,65.0
3363,32.0
3364,30.0
3365,60.0
3366,90.0
3367,50.0
3368,40.0
3369,25.0
3370,200.0
3371,44.0
3372,50.0
3373,115.0
3376,40.0
3377,49.0
3380,110.0
3381,30.0
3382,75.0
3383,29.0
3385,110.0
3386,29.0
3388,60.0
3389,70.0
3391,45.0
3392,190.0
3394,85.0
3396,50.0
3397,24.0
3398,33.0
3399,55.0
3401,50.0
3402,100.0
3403,39.0
3404,49.0
3405,75.0
3406,33.0
3407,50.0
3408,40.0
3411,80.0
3412,50.0
3413,15.0
3414,45.0
3415,45.0
3416,65.0
3417,35.0
3418,92.0
3419,120.0
3420,167.0
3421,50.0
3422,45.0
3423,130.0
3424,46.0
3425,165.0
3426,156.0
3427,146.0
3428,48.0
3429,45.0
3431,95.0
3432,34.0
3433,74.0
3434,100.0
3435,35.0
3436,80.0
3437,45.0
3438,55.0
3439,52.0
3440,50.0
3441,15.0
3444,55.0
3445,130.0
3446,40.0
3447,130.0
3448,60.0
3450,49.0
3451,150.0
3452,65.0
3455,130.0
3458,30.0
3459,33.0
3460,70.0
3461,195.0
3462,24.0
3463,50.0
3465,55.0
3466,30.0
3467,330.0
3468,70.0
3470,42.0
3471,100.0
3472,39.0
3473,79.0
3475,140.0
3476,45.0
3477,33.0
3480,78.0
3482,50.0
3483,50.0
3484,35.0
3485,20.0
3487,45.0
3488,28.0
3489,35.0
3490,44.0
3491,100.0
3492,25.0
3495,45.0
3497,85.0
3499,120.0
3504,61.0
3505,40.0
3506,125.0
3507,41.0
3508,33.0
3510,36.0
3512,35.0
3513,250.0
3514,30.0
3515,49.0
3516,31.0
3517,85.0
3518,64.0
3520,35.0
3521,115.0
3522,32.0
3524,55.0
3526,80.0
3527,70.0
3529,65.0
3531,49.0
3532,50.0
3533,44.0
3540,140.0
3541,115.0
3542,50.0
3543,71.0
3544,55.0
3546,55.0
3547,55.0
3549,95.0
3550,140.0
3552,130.0
3553,50.0
3554,30.0
3555,115.0
3557,115.0
3558,45.0
3559,115.0
3560,33.0
3561,60.0
3562,28.0
3563,40.0
3564,120.0
3565,300.0
3567,26.0
3568,21.0
3570,250.0
3572,80.0
3573,34.0
3574,21.0
3575,18.0
3576,40.0
3577,30.0
3578,45.0
3579,45.0
3580,245.0
3581,50.0
3582,97.0
3583,120.0
3584,79.0
3585,40.0
3588,75.0
3589,35.0
3590,70.0
3591,295.0
3592,75.0
3593,33.0
3594,50.0
3595,70.0
3597,45.0
3598,33.0
3602,26.0
3604,80.0
3606,30.0
3607,70.0
3608,75.0
3609,65.0
3614,22.0
3615,40.0
3616,192.0
3617,50.0
3618,36.0
3619,45.0
3620,260.0
3621,30.0
3622,33.0
3624,60.0
3625,45.0
3627,50.0
3628,95.0
3629,28.0
3631,45.0
3632,48.0
3633,27.0
3634,70.0
3635,135.0
3637,40.0
3639,99.0
3642,70.0
3644,35.0
3646,100.0
3647,70.0
3648,55.0
3649,50.0
3651,47.0
3652,49.0
3654,27.0
3656,70.0
3657,110.0
3658,70.0
3660,45.0
3662,160.0
3663,30.0
3664,150.0
3665,30.0
3666,70.0
3670,30.0
3671,300.0
3672,190.0
3673,50.0
3674,490.0
3675,70.0
3676,45.0
3678,30.0
3679,34.0
3680,60.0
3683,40.0
3684,50.0
3687,80.0
3688,60.0
3689,200.0
3691,60.0
3692,110.0
3693,60.0
3695,65.0
3697,55.0
3698,35.0
3699,40.0
3700,50.0
3701,29.0
3702,45.0
3703,60.0
3704,115.0
3706,40.0
3707,55.0
3708,40.0
3709,32.0
3710,100.0
3711,39.0
3712,88.0
3713,35.0
3714,35.0
3715,50.0
3716,60.0
3717,60.0
3720,42.0
3721,21.0
3722,45.0
3723,17.0
3724,75.0
3726,70.0
3728,49.0
3729,53.0
3730,80.0
3731,95.0
3732,220.0
3733,102.0
3734,28.0
3737,60.0
3738,260.0
3739,180.0
3741,135.0
3743,35.0
3744,40.0
3745,35.0
3747,45.0
3749,50.0
3750,35.0
3751,300.0
3752,25.0
3754,30.0
3755,20.0
3756,50.0
3757,38.0
3758,50.0
3759,90.0
3761,40.0
3765,50.0
3766,95.0
3770,140.0
3771,33.0
3772,53.0
3773,23.0
3774,42.0
3775,200.0
3777,60.0
3778,95.0
3779,55.0
3781,75.0
3782,79.0
3784,90.0
3785,28.0
3786,48.0
3787,107.0
3788,55.0
3789,70.0
3790,33.0
3791,160.0
3793,120.0
3795,140.0
3796,23.0
3797,55.0
3798,38.0
3799,42.0
3800,85.0
3801,119.0
3802,44.0
3804,50.0
3807,70.0
3810,70.0
3812,29.0
3815,250.0
3816,150.0
3818,55.0
3819,95.0
3820,55.0
3822,23.0
3823,40.0
3824,150.0
3826,30.0
3827,98.0
3828,75.0
3829,44.0
3830,85.0
3832,38.0
3834,190.0
3836,23.0
3837,90.0
3838,50.0
3839,30.0
3840,47.0
3841,45.0
3843,38.0
3844,35.0
3845,120.0
3849,34.0
3850,300.0
3852,70.0
3854,36.0
3855,70.0
3857,40.0
3858,55.0
3859,33.0
3860,50.0
3861,140.0
3862,35.0
3863,190.0
3864,70.0
3866,55.0
3867,50.0
3870,65.0
3871,72.0
3873,40.0
3874,75.0
3875,70.0
3876,75.0
3877,70.0
3878,42.0
3879,44.0
3880,220.0
3881,60.0
3882,49.0
3883,22.0
3884,180.0
3885,23.0
3886,59.0
3887,107.0
3888,55.0
3889,140.0
3890,104.0
3891,50.0
3892,50.0
3894,45.0
3895,70.0
3896,25.0
3897,250.0
3898,20.0
3901,160.0
3902,81.0
3903,70.0
3904,30.0
3905,190.0
3906,45.0
3907,48.0
3908,42.0
3909,180.0
3911,60.0
3912,45.0
3913,60.0
3914,25.0
3915,53.0
3919,69.0
3920,30.0
3921,45.0
3922,50.0
3923,24.0
3928,96.0
3930,70.0
3931,39.0
3932,250.0
3933,69.0
3934,20.0
3935,65.0
3936,220.0
3937,60.0
3938,20.0
3939,85.0
3941,65.0
3942,40.0
3944,90.0
3945,53.0
3946,45.0
3947,30.0
3948,40.0
3949,40.0
3950,38.0
3951,30.0
3952,350.0
3953,59.0
3954,40.0
3955,25.0
3956,22.0
3957,75.0
3958,60.0
3959,42.0
3960,62.0
3961,36.0
3962,58.0
3963,50.0
3964,275.0
3965,92.0
3966,45.0
3967,77.0
3969,95.0
3970,42.0
3971,23.0
3972,35.0
3973,156.0
3974,40.0
3975,30.0
3976,25.0
3977,85.0
3978,24.0
3980,40.0
3981,85.0
3982,80.0
3984,63.0
3985,59.0
3986,88.0
3987,38.0
3988,40.0
3989,25.0
3990,60.0
3991,27.0
3993,18.0
3995,40.0
3996,30.0
3997,60.0
3998,100.0
3999,85.0
4000,130.0
4001,75.0
4002,83.0
4003,75.0
4004,25.0
4005,165.0
4007,330.0
4008,35.0
4009,25.0
4010,59.0
4011,55.0
4012,80.0
4013,39.0
4014,35.0
4015,92.0
4017,65.0
4018,25.0
4019,24.0
4020,180.0
4021,280.0
4022,39.0
4023,37.0
4024,69.0
4025,40.0
4026,21.0
4027,55.0
4028,389.0
4029,33.0
4030,40.0
4031,49.0
4032,26.0
4033,80.0
4034,35.0
4035,70.0
4036,30.0
4038,80.0
4039,75.0
4040,23.0
4041,55.0
4042,100.0
4043,35.0
4044,32.0
4045,45.0
4046,165.0
4047,79.0
4048,50.0
4049,175.0
4050,56.0
4051,20.0
4052,65.0
4053,60.0
4054,54.0
4055,18.0
4056,70.0
4057,45.0
4058,35.0
4059,42.0
4060,30.0
4061,30.0
4062,45.0
4063,50.0
4064,38.0
4065,100.0
4066,75.0
4067,35.0
4068,120.0
4070,150.0
4071,40.0
4072,31.0
4073,35.0
4074,90.0
4075,27.0
4076,65.0
4077,50.0
4078,80.0
4079,35.0
4080,63.0
4082,150.0
4083,28.0
4084,110.0
4085,110.0
4086,50.0
4087,120.0
4088,95.0
4092,90.0
4093,39.0
4094,280.0
4095,60.0
4096,12.0
4097,22.0
4098,20.0
4099,43.0
4100,28.0
4101,59.0
4102,410.0
4103,100.0
4105,20.0
4106,49.0
4108,45.0
4109,24.0
4110,110.0
4111,30.0
4112,80.0
4113,130.0
4114,50.0
4115,45.0
4116,35.0
4117,25.0
4118,30.0
4120,43.0
4121,79.0
4122,38.0
4123,35.0
4124,25.0
4125,42.0
4126,65.0
4127,25.0
4128,104.0
4129,37.0
4130,70.0
4131,49.0
4133,159.0
4134,27.0
4135,70.0
4136,21.0
4138,50.0
4140,35.0
4141,25.0
4142,72.0
4144,79.0
4145,120.0
4146,70.0
4147,59.0
4148,49.0
4149,80.0
4150,35.0
4151,50.0
4152,125.0
4153,40.0
4154,39.0
4155,68.0
4156,42.0
4157,250.0
4158,20.0
4159,30.0
4160,48.0
4161,35.0
4162,80.0
4163,157.0
4164,35.0
4165,140.0
4166,28.0
4167,45.0
4168,120.0
4169,35.0
4170,50.0
4171,50.0
4172,40.0
4173,85.0
4174,63.0
4175,65.0
4176,80.0
4177,105.0
4178,35.0
4179,150.0
4180,49.0
4181,22.0
4182,35.0
4183,32.0
4184,30.0
4185,75.0
4186,108.0
4187,39.0
4188,39.0
4189,180.0
4190,20.0
4191,80.0
4192,149.0
4193,230.0
4195,125.0
4196,80.0
4198,30.0
4199,50.0
4200,90.0
4202,35.0
4203,89.0
4204,83.0
4205,31.0
4207,35.0
4208,32.0
4209,105.0
4210,220.0
4211,70.0
4212,60.0
4213,50.0
4214,40.0
4215,40.0
4216,19.0
4217,200.0
4218,60.0
4219,35.0
4220,55.0
4221,75.0
4222,55.0
4223,20.0
4224,50.0
4225,30.0
4226,120.0
4227,35.0
4228,55.0
4229,25.0
4230,37.0
4231,60.0
4232,75.0
4234,100.0
4235,50.0
4236,50.0
4237,15.0
4238,250.0
4239,40.0
4240,31.0
4241,40.0
4242,30.0
4243,120.0
4244,52.0
4245,75.0
4246,55.0
4248,26.0
4249,30.0
4250,60.0
4252,60.0
4254,30.0
4255,30.0
4256,40.0
4257,40.0
4258,97.0
4259,55.0
4260,159.0
4262,80.0
4263,30.0
4264,50.0
4265,45.0
4266,50.0
4267,33.0
4269,23.0
4270,210.0
4271,103.0
4272,33.0
4273,50.0
4274,120.0
4275,95.0
4276,30.0
4277,140.0
4278,70.0
4279,58.0
4280,111.0
4281,43.0
4282,60.0
4283,51.0
4284,80.0
4285,30.0
4286,22.0
4287,60.0
4288,120.0
4289,30.0
4290,85.0
4291,130.0
4293,41.0
4297,35.0
4298,40.0
4299,40.0
4300,80.0
4301,39.0
4302,58.0
4303,40.0
4304,30.0
4305,45.0
4306,32.0
4307,60.0
4308,22.0
4309,90.0
4310,50.0
4311,21.0
4312,34.0
4313,130.0
4314,80.0
4315,25.0
4316,85.0
4317,50.0
4318,60.0
4320,78.0
4322,125.0
4324,46.0
4325,40.0
4326,45.0
4328,26.0
4329,52.0
4330,120.0
4332,49.0
4333,69.0
4334,60.0
4335,84.0
4336,45.0
4338,160.0
4339,47.0
4340,210.0
4341,60.0
4342,47.0
4343,20.0
4344,39.0
4345,50.0
4346,50.0
4350,260.0
4351,146.0
4352,167.0
4354,65.0
4356,55.0
4357,96.0
4359,45.0
4360,30.0
4361,50.0
4362,38.0
4363,30.0
4364,18.0
4365,65.0
4366,15.0
4367,28.0
4369,125.0
4370,55.0
4371,79.0
4372,35.0
4373,60.0
4374,30.0
4375,30.0
4376,25.0
4378,95.0
4379,300.0
4380,49.0
4381,35.0
4382,95.0
4383,75.0
4384,90.0
4386,68.0
4387,22.0
4389,45.0
4390,60.0
4391,45.0
4392,45.0
4394,50.0
4395,100.0
4396,50.0
4397,50.0
4398,50.0
4399,24.0
4400,105.0
4401,80.0
4402,35.0
4403,40.0
4404,60.0
4405,83.0
4406,59.0
4407,80.0
4408,45.0
4409,35.0
4410,50.0
4411,48.0
4412,118.0
4414,100.0
4415,39.0
4416,55.0
4417,75.0
4418,39.0
4419,250.0
4420,25.0
4421,224.0
4422,13.0
4423,28.0
4424,130.0
4425,135.0
4426,80.0
4427,39.0
4428,50.0
4429,40.0
4431,176.0
4432,35.0
4433,52.0
4434,50.0
4435,26.0
4436,35.0
4437,35.0
4438,33.0
4439,50.0
4440,40.0
4441,85.0
4442,90.0
4444,59.0
4445,55.0
4446,115.0
4447,45.0
4448,30.0
4449,90.0
4450,500.0
4451,55.0
4452,58.0
4454,165.0
4455,95.0
4457,50.0
4458,50.0
4460,150.0
4461,140.0
4462,50.0
4464,55.0
4465,32.0
4468,45.0
4469,24.0
4470,97.0
4471,22.0
4472,120.0
4473,35.0
4475,30.0
4476,80.0
4477,75.0
4478,40.0
4480,30.0
4481,180.0
4482,29.0
4483,49.0
4484,40.0
4485,65.0
4486,45.0
4488,38.0
4489,28.0
4491,105.0
4492,40.0
4493,95.0
4494,41.0
4495,70.0
4496,49.0
4498,29.0
4499,25.0
4500,88.0
4501,28.0
4502,22.0
4503,45.0
4506,26.0
4507,49.0
4508,200.0
4509,35.0
4510,90.0
4511,150.0
4512,88.0
4513,60.0
4514,24.0
4515,100.0
4516,120.0
4517,55.0
4518,50.0
4519,45.0
4520,195.0
4521,100.0
4522,30.0
4523,68.0
4524,27.0
4525,24.0
4526,32.0
4527,30.0
4528,300.0
4529,100.0
4530,238.0
4533,49.0
4534,104.0
4535,100.0
4536,59.0
4537,39.0
4538,133.0
4539,75.0
4540,230.0
4542,35.0
4543,58.0
4544,85.0
4546,45.0
4547,60.0
4549,156.0
4552,125.0
4553,60.0
4554,400.0
4555,43.0
4556,78.0
4557,35.0
4558,90.0
4559,99.0
4560,90.0
4561,100.0
4562,21.0
4563,40.0
4564,30.0
4565,44.0
4566,55.0
4568,95.0
4569,105.0
4570,90.0
4571,35.0
4572,35.0
4573,35.0
4574,45.0
4575,70.0
4577,50.0
4578,20.0
4579,19.0
4580,23.0
4581,30.0
4582,44.0
4583,30.0
4584,140.0
4585,110.0
4586,79.0
4587,29.0
4589,28.0
4590,75.0
4591,275.0
4592,43.0
4593,27.0
4594,52.0
4595,38.0
4596,190.0
4597,30.0
4598,18.0
4599,90.0
4600,47.0
4601,200.0
4602,69.0
4603,75.0
4604,70.0
4605,45.0
4606,25.0
4607,59.0
4609,45.0
4611,46.0
4612,52.0
4613,80.0
4614,195.0
4615,48.0
4618,99.0
4619,50.0
4620,55.0
4621,25.0
4622,50.0
4624,36.0
4625,20.0
4626,70.0
4627,40.0
4628,47.0
4629,40.0
4630,65.0
4631,46.0
4632,58.0
4633,55.0
4634,44.0
4635,40.0
4636,175.0
4637,85.0
4638,200.0
4639,77.0
4640,39.0
4641,45.0
4642,47.0
4643,37.0
4644,45.0
4645,125.0
4647,35.0
4648,45.0
4649,45.0
4650,45.0
4651,45.0
4653,59.0
4654,24.0
4655,48.0
4656,38.0
4657,52.0
4658,26.0
4659,35.0
4660,20.0
4661,90.0
4662,29.0
4666,250.0
4667,30.0
4668,20.0
4671,57.0
4673,30.0
4674,49.0
4675,55.0
4676,200.0
4677,45.0
4678,79.0
4679,29.0
4680,50.0
4681,75.0
4682,85.0
4683,31.0
4684,28.0
4685,30.0
4686,150.0
4687,110.0
4688,45.0
4690,600.0
4691,166.0
4692,60.0
4693,190.0
4694,250.0
4695,49.0
4696,28.0
4697,40.0
4698,47.0
4699,70.0
4701,120.0
4702,80.0
4703,80.0
4704,120.0
4705,300.0
4706,30.0
4707,107.0
4708,107.0
4710,150.0
4711,15.0
4712,90.0
4714,130.0
4719,65.0
4720,67.0
4721,65.0
4722,60.0
4725,36.0
4726,70.0
4729,65.0
4731,50.0
4732,60.0
4734,50.0
4735,20.0
4736,75.0
4737,50.0
4738,55.0
4739,286.0
4740,26.0
4741,40.0
4742,40.0
4743,48.0
4744,200.0
4745,48.0
4746,30.0
4747,75.0
4748,30.0
4749,50.0
4750,28.0
4751,150.0
4752,75.0
4753,60.0
4754,123.0
4755,88.0
4756,373.0
4757,55.0
4758,250.0
4759,45.0
4760,90.0
4762,28.0
4763,51.0
4764,32.0
4765,26.0
4766,56.0
4767,110.0
4768,60.0
4769,58.0
4770,285.0
4771,25.0
4772,34.0
4773,28.0
4774,25.0
4776,75.0
4777,40.0
4778,36.0
4779,35.0
4780,79.0
4781,67.0
4782,15.0
4783,68.0
4784,100.0
4786,140.0
4787,80.0
4788,55.0
4790,51.0
4791,130.0
4792,250.0
4794,50.0
4796,60.0
4797,60.0
4798,70.0
4799,45.0
4800,29.0
4801,39.0
4802,65.0
4804,45.0
4805,50.0
4806,250.0
4808,40.0
4809,55.0
4810,52.0
4811,60.0
4812,300.0
4813,80.0
4814,190.0
4816,28.0
4817,45.0
4819,150.0
4820,40.0
4822,41.0
4823,41.0
4824,40.0
4825,100.0
4826,30.0
4827,28.0
4829,79.0
4830,70.0
4831,55.0
4832,150.0
4833,120.0
4834,42.0
4835,50.0
4836,37.0
4837,37.0
4838,47.0
4839,47.0
4840,37.0
4841,37.0
4842,37.0
4843,64.0
4844,99.0
4845,39.0
4846,50.0
4847,35.0
4848,35.0
4849,70.0
4850,40.0
4852,290.0
4854,60.0
4855,100.0
4857,115.0
4858,170.0
4860,90.0
4861,90.0
4862,43.0
4864,80.0
4865,36.0
4866,43.0
4867,150.0
4868,114.0
4872,29.0
4873,15.0
4874,25.0
4875,57.0
4876,40.0
4877,79.0
4878,60.0
4879,130.0
4880,115.0
4881,85.0
4882,29.0
4883,36.0
4884,80.0
4885,45.0
4887,35.0
4889,55.0
4890,300.0
4892,200.0
4893,55.0
4894,110.0
4895,65.0
4896,130.0
4897,47.0
4898,33.0
4899,100.0
4900,450.0
4901,200.0
4903,55.0
4904,90.0
4905,58.0
4906,75.0
4907,90.0
4908,50.0
4909,70.0
4910,34.0
4911,95.0
4912,360.0
4913,45.0
4914,38.0
4916,35.0
4917,70.0
4918,65.0
4919,85.0
4920,120.0
4921,110.0
4922,30.0
4923,90.0
4924,71.0
4925,20.0
4926,60.0
4927,60.0
4928,110.0
4929,25.0
4930,45.0
4931,167.0
4932,55.0
4934,35.0
4936,99.0
4937,51.0
4938,140.0
4939,35.0
4940,85.0
4941,85.0
4943,312.0
4944,35.0
4945,35.0
4946,35.0
4947,28.0
4949,55.0
4950,450.0
4952,312.0
4953,55.0
4954,149.0
4955,50.0
4956,50.0
4957,50.0
4960,30.0
4961,35.0
4962,50.0
4963,159.0
4964,70.0
4965,67.0
4966,235.0
4967,59.0
4968,75.0
4969,79.0
4970,42.0
4972,45.0
4973,350.0
4974,60.0
4975,150.0
4976,150.0
4977,59.0
4978,375.0
4979,63.0
4980,40.0
4981,49.0
4982,140.0
4983,95.0
4984,149.0
4985,42.0
4986,50.0
4987,49.0
4988,87.0
4989,80.0
4990,40.0
4991,250.0
4992,30.0
4993,250.0
4994,58.0
4995,30.0
4996,36.0
4997,280.0
4998,50.0
4999,110.0
5000,62.0
5001,15.0
5002,45.0
5003,28.0
5004,98.0
5005,59.0
5006,55.0
5007,50.0
5008,35.0
5009,50.0
5010,85.0
5012,49.0
5014,90.0
5016,26.0
5017,39.0
5019,105.0
5020,44.0
5021,100.0
5022,160.0
5023,70.0
5024,69.0
5025,37.0
5026,65.0
5027,97.0
5028,30.0
5029,149.0
5030,29.0
5031,60.0
5032,95.0
5034,40.0
5035,45.0
5036,75.0
5037,40.0
5038,160.0
5039,109.0
5040,25.0
5041,50.0
5042,50.0
5043,43.0
5044,45.0
5045,49.0
5046,50.0
5047,35.0
5048,85.0
5049,30.0
5050,120.0
5051,41.0
5052,50.0
5054,40.0
5055,200.0
5056,47.0
5057,50.0
5059,55.0
5060,40.0
5061,105.0
5062,70.0
5063,350.0
5064,60.0
5065,130.0
5066,49.0
5067,55.0
5068,29.0
5069,50.0
5072,38.0
5075,50.0
5076,60.0
5077,180.0
5078,47.0
5079,50.0
5080,80.0
5081,50.0
5083,50.0
5084,68.0
5085,34.0
5086,92.0
5087,23.0
5088,29.0
5089,39.0
5090,30.0
5091,46.0
5093,47.0
5094,300.0
5096,31.0
5097,85.0
5098,35.0
5099,28.0
5100,78.0
5101,68.0
5102,170.0
5103,65.0
5104,35.0
5106,50.0
5107,64.0
5108,65.0
5110,39.0
5111,55.0
5112,65.0
5113,180.0
5114,70.0
5115,27.0
5116,40.0
5117,73.0
5118,96.0
5119,76.0
5120,25.0
5121,34.0
5122,50.0
5123,40.0
5124,92.0
5125,50.0
5126,50.0
5128,120.0
5129,65.0
5130,110.0
5131,48.0
5132,80.0
5133,60.0
5135,90.0
5137,58.0
5138,40.0
5139,50.0
5140,42.0
5142,41.0
5144,75.0
5145,74.0
5146,30.0
5147,35.0
5148,44.0
5149,100.0
5150,200.0
5151,58.0
5152,50.0
5154,49.0
5155,150.0
5156,54.0
5157,160.0
5158,50.0
5159,160.0
5160,215.0
5161,90.0
5162,49.0
5163,36.0
5165,59.0
5166,75.0
5167,60.0
5169,40.0
5171,150.0
5173,30.0
5174,35.0
5175,20.0
5176,200.0
5177,95.0
5178,59.0
5179,55.0
5180,69.0
5181,75.0
5183,35.0
5184,35.0
5185,35.0
5186,68.0
5187,85.0
5188,74.0
5189,32.0
5190,30.0
5191,290.0
5192,131.0
5194,90.0
5198,68.0
5199,41.0
5200,35.0
5201,35.0
5204,100.0
5205,90.0
5206,20.0
5207,51.0
5209,80.0
5210,50.0
5211,50.0
5212,70.0
5213,50.0
5214,70.0
5215,39.0
5217,50.0
5218,61.0
5219,40.0
5220,24.0
5221,45.0
5222,39.0
5223,30.0
5224,40.0
5225,85.0
5226,55.0
5227,65.0
5228,25.0
5230,130.0
5232,201.0
5234,143.0
5235,143.0
5236,146.0
5237,159.0
5239,30.0
5240,35.0
5241,50.0
5242,33.0
5244,33.0
5245,40.0
5246,70.0
5247,125.0
5248,40.0
5250,100.0
5251,45.0
5252,200.0
5253,65.0
5254,70.0
5255,55.0
5256,72.0
5258,95.0
5259,135.0
5260,50.0
5261,40.0
5262,40.0
5263,285.0
5264,40.0
5265,90.0
5266,75.0
5267,40.0
5268,90.0
5269,45.0
5270,271.0
5271,70.0
5272,150.0
5273,60.0
5274,89.0
5275,50.0
5276,40.0
5277,45.0
5278,55.0
5279,75.0
5280,45.0
5281,50.0
5282,49.0
5283,30.0
5284,45.0
5286,200.0
5287,35.0
5288,65.0
5289,190.0
5290,100.0
5291,180.0
5292,25.0
5293,60.0
5294,160.0
5296,159.0
5299,159.0
5300,75.0
5301,90.0
5302,45.0
5303,80.0
5305,52.0
5308,170.0
5309,33.0
5311,40.0
5312,70.0
5313,90.0
5314,35.0
5315,28.0
5316,35.0
5317,41.0
5320,50.0
5321,35.0
5322,25.0
5324,80.0
5325,165.0
5327,99.0
5328,190.0
5329,50.0
5331,190.0
5332,60.0
5333,25.0
5334,41.0
5335,55.0
5336,70.0
5337,35.0
5338,100.0
5341,130.0
5342,50.0
5343,50.0
5344,70.0
5345,20.0
5346,63.0
5347,150.0
5348,35.0
5349,120.0
5350,42.0
5351,40.0
5352,40.0
5353,100.0
5355,60.0
5358,58.0
5359,85.0
5360,60.0
5361,50.0
5362,54.0
5363,31.0
5364,45.0
5365,65.0
5366,65.0
5367,65.0
5368,43.0
5369,45.0
5370,18.0
5371,35.0
5372,70.0
5373,45.0
5374,200.0
5375,150.0
5376,60.0
5377,50.0
5378,90.0
5379,58.0
5380,109.0
5381,72.0
5382,39.0
5384,120.0
5385,250.0
5386,70.0
5387,179.0
5388,65.0
5389,48.0
5390,92.0
5393,199.0
5394,200.0
5395,50.0
5396,25.0
5397,27.0
5398,135.0
5399,79.0
5400,35.0
5401,100.0
5402,300.0
5403,50.0
5404,120.0
5405,21.0
5406,50.0
5408,25.0
5409,100.0
5411,80.0
5412,56.0
5413,98.0
5414,60.0
5415,60.0
5416,22.0
5417,45.0
5418,120.0
5421,40.0
5423,35.0
5424,198.0
5425,75.0
5426,155.0
5427,75.0
5428,60.0
5429,125.0
5430,75.0
5432,60.0
5434,45.0
5435,50.0
5436,75.0
5437,78.0
5438,70.0
5439,125.0
5441,34.0
5444,62.0
5445,40.0
5446,265.0
5447,190.0
5448,26.0
5449,81.0
5450,50.0
5451,48.0
5452,57.0
5453,65.0
5454,75.0
5455,20.0
5456,48.0
5457,40.0
5458,55.0
5459,65.0
5460,80.0
5461,50.0
5462,25.0
5463,80.0
5464,79.0
5465,78.0
5466,38.0
5467,65.0
5468,105.0
5470,130.0
5471,36.0
5472,60.0
5475,45.0
5476,80.0
5477,51.0
5478,40.0
5479,37.0
5480,54.0
5482,200.0
5484,50.0
5485,30.0
5486,120.0
5487,40.0
5488,45.0
5490,63.0
5491,190.0
5492,45.0
5493,65.0
5494,80.0
5495,100.0
5496,50.0
5498,100.0
5500,30.0
5501,48.0
5502,70.0
5503,80.0
5504,31.0
5505,35.0
5507,65.0
5508,30.0
5510,39.0
5511,129.0
5512,100.0
5513,115.0
5514,80.0
5515,55.0
5517,110.0
5518,31.0
5520,45.0
5521,90.0
5522,110.0
5523,68.0
5524,49.0
5525,30.0
5526,73.0
5527,55.0
5529,50.0
5530,35.0
5531,50.0
5532,13.0
5534,70.0
5536,75.0
5540,40.0
5541,38.0
5542,67.0
5543,90.0
5544,35.0
5545,80.0
5546,39.0
5547,80.0
5548,60.0
5550,350.0
5551,45.0
5553,23.0
5554,45.0
5555,16.0
5556,70.0
5557,60.0
5558,35.0
5559,70.0
5560,50.0
5562,30.0
5563,160.0
5564,120.0
5565,90.0
5567,15.0
5568,25.0
5569,85.0
5570,170.0
5571,28.0
5572,60.0
5573,90.0
5574,78.0
5576,150.0
5577,48.0
5578,25.0
5579,44.0
5580,33.0
5581,55.0
5582,45.0
5583,30.0
5584,30.0
5585,55.0
5586,34.0
5587,100.0
5588,55.0
5589,40.0
5590,300.0
5591,150.0
5593,80.0
5594,22.0
5595,56.0
5598,35.0
5599,146.0
5600,80.0
5601,55.0
5602,45.0
5603,51.0
5604,159.0
5605,80.0
5608,70.0
5609,65.0
5610,100.0
5611,80.0
5612,55.0
5613,85.0
5616,50.0
5617,20.0
5618,60.0
5620,150.0
5621,30.0
5622,85.0
5623,220.0
5625,20.0
5627,85.0
5628,40.0
5629,108.0
5630,89.0
5631,125.0
5632,100.0
5633,49.0
5635,60.0
5636,70.0
5638,50.0
5639,19.0
5640,40.0
5643,25.0
5644,90.0
5645,115.0
5647,40.0
5648,32.0
5650,170.0
5652,125.0
5653,61.0
5655,32.0
5656,80.0
5657,150.0
5658,20.0
5659,32.0
5660,95.0
5662,73.0
5665,43.0
5666,50.0
5667,45.0
5668,35.0
5669,330.0
5670,45.0
5671,150.0
5674,65.0
5675,59.0
5676,70.0
5677,95.0
5678,45.0
5679,48.0
5680,55.0
5681,50.0
5682,59.0
5683,28.0
5684,200.0
5685,129.0
5686,40.0
5687,43.0
5688,37.0
5689,25.0
5690,39.0
5692,58.0
5693,85.0
5694,100.0
5695,38.0
5696,39.0
5698,125.0
5699,45.0
5701,15.0
5702,22.0
5703,140.0
5704,3000.0
5705,50.0
5708,90.0
5709,26.0
5710,39.0
5711,45.0
5712,65.0
5713,500.0
5714,79.0
5715,72.0
5716,110.0
5718,35.0
5719,335.0
5720,25.0
5721,38.0
5723,39.0
5724,256.0
5725,37.0
5726,40.0
5727,45.0
5729,95.0
5730,50.0
5731,100.0
5732,62.0
5733,65.0
5734,45.0
5735,200.0
5736,50.0
5737,30.0
5738,75.0
5739,99.0
5740,185.0
5741,55.0
5742,95.0
5743,35.0
5744,120.0
5746,35.0
5747,21.0
5748,45.0
5749,520.0
5750,68.0
5751,35.0
5753,90.0
5754,112.0
5755,35.0
5756,70.0
5757,44.0
5758,60.0
5759,70.0
5760,35.0
5761,32.0
5762,16.0
5764,60.0
5765,65.0
5766,120.0
5767,35.0
5769,55.0
5770,46.0
5771,80.0
5772,39.0
5773,70.0
5774,32.0
5775,250.0
5776,70.0
5777,35.0
5778,17.0
5780,50.0
5781,85.0
5782,52.0
5784,75.0
5785,100.0
5786,92.0
5788,40.0
5789,180.0
5790,80.0
5791,55.0
5792,65.0
5793,40.0
5794,44.0
5795,70.0
5796,160.0
5798,41.0
5799,34.0
5800,64.0
5801,60.0
5802,54.0
5803,34.0
5805,30.0
5806,52.0
5807,28.0
5808,165.0
5809,70.0
5811,57.0
5812,27.0
5813,40.0
5814,43.0
5815,60.0
5817,48.0
5818,115.0
5819,29.0
5820,215.0
5821,25.0
5822,28.0
5823,27.0
5824,23.0
5825,35.0
5826,75.0
5827,68.0
5828,60.0
5831,29.0
5832,25.0
5833,45.0
5834,28.0
5835,75.0
5836,48.0
5837,65.0
5838,65.0
5840,45.0
5841,52.0
5843,29.0
5844,50.0
5845,30.0
5846,90.0
5847,30.0
5848,65.0
5849,105.0
5850,148.0
5851,28.0
5852,19.0
5853,40.0
5854,30.0
5855,45.0
5856,45.0
5857,96.0
5858,58.0
5859,50.0
5860,50.0
5861,18.0
5862,40.0
5863,35.0
5864,70.0
5865,55.0
5866,60.0
5867,80.0
5868,30.0
5870,55.0
5871,90.0
5872,210.0
5874,40.0
5875,84.0
5876,30.0
5877,45.0
5878,215.0
5879,40.0
5882,60.0
5883,50.0
5884,75.0
5886,60.0
5887,70.0
5888,73.0
5889,60.0
5890,160.0
5891,39.0
5892,50.0
5894,98.0
5895,40.0
5896,35.0
5897,55.0
5899,45.0
5900,130.0
5901,200.0
5902,50.0
5903,50.0
5904,70.0
5905,54.0
5907,90.0
5908,75.0
5909,59.0
5910,35.0
5911,45.0
5912,33.0
5913,165.0
5914,100.0
5915,40.0
5916,120.0
5917,39.0
5918,60.0
5919,35.0
5920,100.0
5921,49.0
5923,49.0
5924,65.0
5925,60.0
5926,25.0
5927,60.0
5928,34.0
5929,55.0
5930,40.0
5931,80.0
5932,25.0
5933,59.0
5934,27.0
5937,55.0
5938,40.0
5939,150.0
5940,75.0
5941,90.0
5942,45.0
5943,35.0
5944,76.0
5945,47.0
5946,70.0
5948,80.0
5949,41.0
5951,90.0
5953,50.0
5954,25.0
5955,55.0
5956,120.0
5958,85.0
5959,43.0
5960,90.0
5961,15.0
5962,84.0
5963,47.0
5964,70.0
5965,60.0
5966,30.0
5967,34.0
5968,27.0
5969,30.0
5970,100.0
5971,69.0
5972,45.0
5973,68.0
5975,40.0
5976,340.0
5978,78.0
5980,75.0
5981,59.0
5982,28.0
5983,30.0
5984,99.0
5985,55.0
5986,55.0
5987,110.0
5989,130.0
5990,58.0
5991,77.0
5992,150.0
5993,110.0
5995,26.0
5996,80.0
5997,48.0
5998,82.0
6000,40.0
6001,102.0
6003,69.0
6004,49.0
6005,40.0
6006,34.0
6008,120.0
6009,110.0
6010,53.0
6011,110.0
6012,90.0
6013,30.0
6014,60.0
6015,70.0
6017,30.0
6018,270.0
6019,38.0
6020,55.0
6021,28.0
6022,59.0
6024,105.0
6025,50.0
6026,140.0
6027,35.0
6028,65.0
6029,280.0
6030,50.0
6031,55.0
6032,28.0
6034,60.0
6038,59.0
6039,35.0
6041,55.0
6042,70.0
6043,68.0
6044,90.0
6045,149.0
6046,55.0
6047,60.0
6048,33.0
6049,345.0
6050,25.0
6052,140.0
6053,32.0
6054,100.0
6055,200.0
6056,48.0
6057,50.0
6059,40.0
6060,19.0
6061,180.0
6063,18.0
6065,260.0
6066,45.0
6067,80.0
6068,60.0
6069,70.0
6070,18.0
6071,30.0
6072,140.0
6073,150.0
6074,75.0
6075,100.0
6076,40.0
6077,50.0
6078,34.0
6080,41.0
6081,50.0
6083,35.0
6084,75.0
6085,30.0
6086,26.0
6087,30.0
6089,60.0
6092,52.0
6093,99.0
6094,75.0
6095,29.0
6096,34.0
6097,245.0
6098,41.0
6099,33.0
6100,45.0
6101,50.0
6102,198.0
6103,68.0
6104,80.0
6105,45.0
6106,74.0
6107,60.0
6108,30.0
6109,73.0
6110,120.0
6111,98.0
6112,41.0
6113,60.0
6114,55.0
6115,192.0
6116,42.0
6117,33.0
6119,67.0
6120,28.0
6121,100.0
6122,35.0
6124,30.0
6125,130.0
6127,120.0
6128,35.0
6129,33.0
6131,22.0
6132,65.0
6133,60.0
6134,20.0
6135,60.0
6136,200.0
6137,73.0
6138,24.0
6140,34.0
6143,60.0
6144,95.0
6145,345.0
6147,40.0
6148,73.0
6149,25.0
6150,32.0
6151,42.0
6152,40.0
6153,55.0
6154,182.0
6155,30.0
6156,59.0
6157,94.0
6158,300.0
6159,21.0
6161,32.0
6162,180.0
6163,100.0
6164,47.0
6165,60.0
6167,156.0
6168,180.0
6169,77.0
6170,65.0
6171,95.0
6172,50.0
6174,54.0
6175,65.0
6176,70.0
6177,70.0
6178,110.0
6179,60.0
6181,165.0
6182,97.0
6183,50.0
6184,50.0
6185,39.0
6186,65.0
6187,63.0
6188,30.0
6189,52.0
6190,65.0
6191,38.0
6192,22.0
6193,30.0
6194,50.0
6196,47.0
6197,35.0
6198,45.0
6200,30.0
6201,25.0
6202,60.0
6204,39.0
6205,30.0
6206,130.0
6207,25.0
6208,35.0
6211,35.0
6212,55.0
6213,45.0
6214,45.0
6215,29.0
6217,20.0
6218,25.0
6219,150.0
6220,39.0
6221,75.0
6222,70.0
6223,30.0
6224,80.0
6226,36.0
6227,70.0
6228,33.0
6229,50.0
6230,38.0
6231,70.0
6232,50.0
6233,50.0
6235,45.0
6236,120.0
6239,50.0
6240,49.0
6241,280.0
6242,38.0
6243,21.0
6244,35.0
6245,100.0
6246,85.0
6247,47.0
6248,50.0
6250,45.0
6251,35.0
6252,60.0
6253,140.0
6254,80.0
6255,29.0
6256,80.0
6257,45.0
6258,135.0
6259,89.0
6260,70.0
6261,20.0
6262,35.0
6263,70.0
6264,40.0
6265,28.0
6268,105.0
6269,50.0
6270,46.0
6271,50.0
6272,52.0
6273,63.0
6274,90.0
6275,120.0
6276,70.0
6277,60.0
6278,60.0
6279,60.0
6280,25.0
6281,68.0
6283,150.0
6284,100.0
6285,40.0
6286,49.0
6287,176.0
6288,32.0
6289,130.0
6290,45.0
6291,60.0
6292,50.0
6293,30.0
6295,15.0
6296,88.0
6297,35.0
6298,40.0
6299,50.0
6300,30.0
6301,30.0
6302,80.0
6303,50.0
6306,20.0
6307,55.0
6308,98.0
6309,30.0
6310,16.0
6311,25.0
6312,60.0
6314,99.0
6315,90.0
6316,27.0
6317,120.0
6318,60.0
6319,55.0
6320,45.0
6321,95.0
6324,45.0
6325,86.0
6326,35.0
6327,70.0
6328,175.0
6330,60.0
6331,45.0
6332,53.0
6333,58.0
6335,89.0
6336,100.0
6337,30.0
6338,139.0
6339,45.0
6340,50.0
6341,30.0
6342,50.0
6343,85.0
6346,90.0
6347,28.0
6348,50.0
6349,45.0
6350,40.0
6351,60.0
6353,72.0
6355,90.0
6356,90.0
6357,55.0
6358,60.0
6359,42.0
6361,70.0
6362,45.0
6363,26.0
6364,32.0
6365,70.0
6366,75.0
6367,23.0
6368,47.0
6369,68.0
6370,50.0
6371,50.0
6372,29.0
6373,54.0
6374,40.0
6375,37.0
6376,160.0
6377,52.0
6378,60.0
6379,106.0
6380,65.0
6383,50.0
6384,37.0
6385,45.0
6386,150.0
6387,50.0
6389,60.0
6390,150.0
6391,40.0
6392,38.0
6393,300.0
6394,33.0
6395,30.0
6396,32.0
6397,70.0
6398,50.0
6399,45.0
6400,65.0
6401,40.0
6402,32.0
6403,110.0
6404,42.0
6405,20.0
6408,27.0
6409,30.0
6410,50.0
6411,68.0
6412,40.0
6413,48.0
6415,49.0
6416,70.0
6417,110.0
6418,45.0
6420,55.0
6421,63.0
6422,115.0
6423,25.0
6424,68.0
6426,28.0
6427,75.0
6428,35.0
6429,45.0
6430,300.0
6431,30.0
6433,30.0
6434,80.0
6436,101.0
6437,55.0
6438,24.0
6439,95.0
6440,80.0
6441,34.0
6442,30.0
6444,28.0
6445,89.0
6446,60.0
6447,40.0
6448,75.0
6449,22.0
6450,35.0
6451,110.0
6452,60.0
6453,40.0
6454,19.0
6455,18.0
6456,30.0
6457,35.0
6458,35.0
6459,70.0
6460,60.0
6462,39.0
6464,88.0
6465,33.0
6466,50.0
6467,60.0
6468,32.0
6469,195.0
6471,65.0
6472,30.0
6473,85.0
6475,80.0
6476,48.0
6477,85.0
6478,29.0
6479,70.0
6480,50.0
6482,145.0
6483,54.0
6484,60.0
6485,25.0
6486,25.0
6487,45.0
6488,55.0
6489,23.0
6490,30.0
6491,45.0
6492,30.0
6493,65.0
6495,12.0
6496,45.0
6497,49.0
6498,95.0
6499,70.0
6500,30.0
6501,40.0
6502,59.0
6503,69.0
6504,120.0
6505,140.0
6506,70.0
6508,82.0
6509,27.0
6510,18.0
6511,55.0
6513,20.0
6514,50.0
6515,20.0
6516,99.0
6517,46.0
6519,50.0
6521,54.0
6522,64.0
6523,28.0
6524,100.0
6525,29.0
6526,85.0
6527,45.0
6528,55.0
6531,70.0
6533,79.0
6534,56.0
6535,48.0
6536,55.0
6537,60.0
6538,55.0
6539,75.0
6540,90.0
6541,30.0
6542,55.0
6543,49.0
6544,59.0
6545,37.0
6546,68.0
6548,52.0
6549,60.0
6551,30.0
6553,84.0
6554,160.0
6555,45.0
6556,30.0
6557,460.0
6558,65.0
6559,37.0
6560,33.0
6561,35.0
6563,95.0
6564,75.0
6566,25.0
6567,70.0
6568,40.0
6569,20.0
6570,25.0
6571,79.0
6573,30.0
6574,150.0
6575,25.0
6576,65.0
6577,61.0
6578,89.0
6579,30.0
6580,88.0
6581,28.0
6583,30.0
6584,35.0
6585,100.0
6586,49.0
6587,35.0
6588,50.0
6589,42.0
6590,50.0
6591,50.0
6592,25.0
6593,45.0
6594,70.0
6595,99.0
6596,20.0
6597,60.0
6598,40.0
6600,24.0
6601,25.0
6602,50.0
6603,71.0
6604,70.0
6605,40.0
6606,49.0
6607,85.0
6609,43.0
6610,20.0
6614,38.0
6616,30.0
6617,35.0
6618,65.0
6620,60.0
6621,15.0
6622,35.0
6624,65.0
6625,135.0
6626,30.0
6628,39.0
6629,21.0
6630,45.0
6631,45.0
6632,25.0
6633,24.0
6634,260.0
6635,30.0
6636,33.0
6637,70.0
6638,180.0
6639,45.0
6640,35.0
6641,65.0
6642,38.0
6645,54.0
6646,45.0
6647,15.0
6648,39.0
6649,50.0
6651,30.0
6652,30.0
6653,70.0
6654,35.0
6655,70.0
6656,60.0
6657,150.0
6658,40.0
6659,60.0
6660,60.0
6662,90.0
6663,288.0
6668,104.0
6669,25.0
6670,90.0
6671,49.0
6672,25.0
6673,25.0
6674,188.0
6675,50.0
6676,55.0
6677,65.0
6678,38.0
6680,65.0
6681,25.0
6682,90.0
6683,55.0
6684,195.0
6686,22.0
6687,45.0
6688,36.0
6689,135.0
6690,75.0
6691,42.0
6692,35.0
6693,75.0
6694,60.0
6697,35.0
6698,29.0
6699,32.0
6700,109.0
6701,45.0
6702,208.0
6704,195.0
6705,45.0
6706,75.0
6708,260.0
6710,40.0
6711,29.0
6712,56.0
6713,48.0
6714,115.0
6716,85.0
6717,35.0
6718,30.0
6719,69.0
6720,39.0
6722,27.0
6723,49.0
6724,75.0
6725,25.0
6726,36.0
6727,25.0
6728,30.0
6729,33.0
6730,30.0
6731,25.0
6733,42.0
6734,70.0
6735,130.0
6736,45.0
6737,60.0
6738,50.0
6739,240.0
6740,35.0
6741,60.0
6742,65.0
6743,70.0
6744,80.0
6745,89.0
6746,50.0
6747,599.0
6748,85.0
6749,125.0
6750,80.0
6751,75.0
6753,42.0
6754,85.0
6755,100.0
6756,48.0
6757,70.0
6758,40.0
6761,25.0
6762,290.0
6763,34.0
6764,60.0
6765,35.0
6766,75.0
6767,24.0
6769,47.0
6770,85.0
6771,25.0
6773,80.0
6774,50.0
6776,53.0
6777,65.0
6778,45.0
6780,65.0
6782,25.0
6783,35.0
6784,50.0
6785,65.0
6786,140.0
6787,50.0
6789,23.0
6790,40.0
6791,32.0
6792,50.0
6793,45.0
6794,22.0
6795,56.0
6796,90.0
6797,35.0
6798,13.0
6799,80.0
6800,100.0
6801,50.0
6802,40.0
6803,28.0
6804,103.0
6805,40.0
6806,60.0
6807,55.0
6808,64.0
6809,27.0
6810,30.0
6811,60.0
6812,35.0
6814,30.0
6816,50.0
6817,26.0
6818,20.0
6819,28.0
6820,42.0
6821,27.0
6822,110.0
6823,60.0
6824,70.0
6825,39.0
6826,160.0
6827,45.0
6828,30.0
6829,470.0
6830,180.0
6831,40.0
6833,35.0
6834,30.0
6836,35.0
6837,75.0
6838,15.0
6839,80.0
6840,49.0
6841,39.0
6842,110.0
6843,26.0
6844,35.0
6845,40.0
6846,70.0
6847,120.0
6848,190.0
6851,88.0
6852,18.0
6854,60.0
6856,14.0
6857,45.0
6858,65.0
6859,39.0
6861,72.0
6862,25.0
6863,60.0
6864,60.0
6865,24.0
6867,16.0
6869,45.0
6870,80.0
6871,32.0
6872,120.0
6873,60.0
6874,40.0
6876,43.0
6877,26.0
6878,113.0
6879,88.0
6880,23.0
6881,65.0
6882,380.0
6883,30.0
6884,50.0
6885,55.0
6888,80.0
6889,40.0
6890,53.0
6891,100.0
6892,100.0
6893,50.0
6894,75.0
6895,30.0
6896,40.0
6897,60.0
6900,45.0
6901,75.0
6902,60.0
6903,27.0
6904,65.0
6905,60.0
6906,55.0
6907,29.0
6908,35.0
6910,39.0
6911,66.0
6912,34.0
6913,30.0
6914,55.0
6915,27.0
6916,32.0
6917,60.0
6919,55.0
6920,170.0
6921,80.0
6922,90.0
6923,90.0
6924,35.0
6925,95.0
6926,45.0
6927,40.0
6928,50.0
6931,45.0
6932,90.0
6933,80.0
6934,60.0
6936,51.0
6937,70.0
6938,90.0
6939,300.0
6940,50.0
6942,38.0
6943,50.0
6944,80.0
6945,25.0
6949,30.0
6950,60.0
6951,40.0
6952,50.0
6953,60.0
6954,35.0
6955,45.0
6956,60.0
6957,32.0
6958,47.0
6959,45.0
6960,50.0
6961,100.0
6962,42.0
6963,25.0
6965,360.0
6966,40.0
6967,30.0
6968,50.0
6970,30.0
6971,140.0
6972,60.0
6973,30.0
6974,45.0
6975,65.0
6976,80.0
6977,62.0
6978,130.0
6979,95.0
6980,80.0
6981,35.0
6983,57.0
6984,39.0
6985,24.0
6986,120.0
6988,22.0
6989,20.0
6990,25.0
6991,90.0
6992,50.0
6993,90.0
6995,50.0
6996,80.0
6997,44.0
6999,41.0
7000,99.0
7002,50.0
7003,20.0
7004,65.0
7005,40.0
7006,75.0
7007,60.0
7008,50.0
7009,40.0
7010,70.0
7011,90.0
7012,300.0
7014,60.0
7016,50.0
7018,75.0
7019,120.0
7020,45.0
7021,45.0
7022,90.0
7023,27.0
7024,49.0
7025,45.0
7026,19.0
7028,67.0
7029,70.0
7030,23.0
7031,80.0
7032,20.0
7033,40.0
7034,42.0
7035,70.0
7036,26.0
7037,35.0
7038,128.0
7039,72.0
7041,25.0
7042,62.0
7044,250.0
7045,50.0
7047,30.0
7048,65.0
7050,27.0
7051,25.0
7052,90.0
7053,70.0
7054,26.0
7055,85.0
7056,89.0
7058,213.0
7059,30.0
7060,30.0
7061,80.0
7062,65.0
7063,100.0
7064,45.0
7065,25.0
7066,45.0
7070,47.0
7071,50.0
7072,80.0
7073,35.0
7074,70.0
7075,38.0
7076,94.0
7077,55.0
7079,60.0
7080,35.0
7081,35.0
7083,120.0
7084,80.0
7085,75.0
7086,110.0
7087,38.0
7088,50.0
7089,49.0
7090,63.0
7091,44.0
7092,30.0
7093,22.0
7094,60.0
7096,40.0
7097,75.0
7098,49.0
7099,40.0
7100,70.0
7101,80.0
7103,100.0
7104,100.0
7105,65.0
7106,45.0
7107,45.0
7108,37.0
7109,147.0
7110,157.0
7111,249.0
7112,150.0
7113,199.0
7115,95.0
7116,55.0
7118,40.0
7119,110.0
7120,60.0
7121,49.0
7122,80.0
7123,50.0
7124,60.0
7125,50.0
7126,60.0
7127,52.0
7128,26.0
7129,250.0
7130,50.0
7131,300.0
7132,60.0
7133,50.0
7135,45.0
7141,50.0
7142,35.0
7143,59.0
7146,55.0
7147,50.0
7148,30.0
7149,80.0
7150,50.0
7151,22.0
7153,55.0
7154,89.0
7155,35.0
7156,90.0
7157,24.0
7158,40.0
7159,25.0
7160,50.0
7161,69.0
7162,25.0
7163,48.0
7169,90.0
7170,35.0
7172,56.0
7173,30.0
7175,30.0
7177,48.0
7178,210.0
7179,30.0
7180,65.0
7181,35.0
7183,90.0
7184,37.0
7186,150.0
7187,30.0
7188,27.0
7189,40.0
7190,50.0
7193,170.0
7194,180.0
7196,200.0
7197,35.0
7198,70.0
7199,68.0
7201,35.0
7202,28.0
7203,45.0
7205,45.0
7206,50.0
7207,80.0
7209,100.0
7210,29.0
7211,210.0
7212,60.0
7213,40.0
7214,80.0
7215,60.0
7216,50.0
7217,37.0
7218,390.0
7219,82.0
7220,73.0
7221,60.0
7222,60.0
7223,62.0
7225,72.0
7226,35.0
7227,60.0
7228,50.0
7229,72.0
7231,160.0
7232,30.0
7233,67.0
7234,45.0
7236,35.0
7238,25.0
7239,70.0
7241,25.0
7242,50.0
7243,35.0
7244,18.0
7245,51.0
7246,45.0
7247,39.0
7249,80.0
7250,25.0
7251,30.0
7252,120.0
7253,40.0
7254,45.0
7256,55.0
7257,50.0
7258,50.0
7260,41.0
7262,90.0
7263,95.0
7264,175.0
7265,80.0
7266,45.0
7267,28.0
7269,30.0
7270,400.0
7271,46.0
7273,37.0
7274,35.0
7275,58.0
7276,278.0
7278,48.0
7279,50.0
7280,77.0
7281,111.0
7282,250.0
7283,40.0
7284,50.0
7285,70.0
7286,70.0
7287,60.0
7288,38.0
7289,27.0
7290,30.0
7291,35.0
7292,46.0
7293,40.0
7294,80.0
7295,28.0
7296,120.0
7297,80.0
7300,40.0
7301,24.0
7302,60.0
7303,345.0
7304,35.0
7305,50.0
7306,85.0
7307,55.0
7308,45.0
7309,45.0
7310,45.0
7312,85.0
7313,45.0
7314,30.0
7315,84.0
7316,45.0
7317,88.0
7318,300.0
7319,45.0
7320,50.0
7321,73.0
7322,69.0
7323,170.0
7324,50.0
7325,50.0
7326,40.0
7327,80.0
7328,60.0
7329,42.0
7330,80.0
7331,130.0
7333,40.0
7334,35.0
7335,56.0
7336,37.0
7337,27.0
7338,50.0
7339,95.0
7340,120.0
7341,50.0
7342,25.0
7343,40.0
7344,50.0
7345,55.0
7346,55.0
7347,70.0
7348,86.0
7349,19.0
7351,39.0
7352,38.0
7353,35.0
7354,24.0
7355,60.0
7356,100.0
7357,25.0
7358,60.0
7359,21.0
7360,38.0
7361,120.0
7362,90.0
7363,80.0
7364,40.0
7365,250.0
7368,120.0
7369,21.0
7370,31.0
7371,45.0
7372,78.0
7373,35.0
7374,30.0
7375,70.0
7376,79.0
7377,37.0
7378,29.0
7379,59.0
7380,55.0
7381,94.0
7382,70.0
7383,55.0
7384,95.0
7385,156.0
7386,156.0
7388,45.0
7389,24.0
7391,41.0
7392,65.0
7393,45.0
7394,50.0
7395,110.0
7396,65.0
7398,51.0
7399,55.0
7401,30.0
7402,75.0
7403,94.0
7404,40.0
7405,75.0
7406,93.0
7407,75.0
7408,60.0
7409,420.0
7410,70.0
7411,90.0
7412,57.0
7413,30.0
7415,38.0
7416,120.0
7417,45.0
7418,55.0
7419,60.0
7420,55.0
7421,55.0
7422,50.0
7423,50.0
7425,35.0
7426,34.0
7427,30.0
7428,45.0
7429,50.0
7430,50.0
7432,55.0
7433,60.0
7434,65.0
7435,70.0
7436,40.0
7437,25.0
7438,65.0
7439,69.0
7440,120.0
7441,235.0
7442,120.0
7443,50.0
7444,100.0
7445,21.0
7446,150.0
7447,75.0
7448,110.0
7449,35.0
7452,37.0
7453,52.0
7454,130.0
7455,200.0
7456,50.0
7457,40.0
7458,34.0
7459,40.0
7460,39.0
7461,30.0
7462,30.0
7463,60.0
7464,36.0
7466,146.0
7467,90.0
7468,160.0
7469,70.0
7472,24.0
7473,35.0
7474,79.0
7475,70.0
7476,80.0
7477,32.0
7479,45.0
7481,44.0
7482,88.0
7484,110.0
7486,35.0
7487,50.0
7488,60.0
7489,45.0
7490,100.0
7491,65.0
7492,98.0
7493,45.0
7494,35.0
7496,180.0
7498,35.0
7500,150.0
7501,30.0
7502,150.0
7504,20.0
7505,85.0
7506,50.0
7508,47.0
7509,38.0
7510,40.0
7511,28.0
7513,45.0
7516,55.0
7517,28.0
7518,64.0
7520,69.0
7526,50.0
7527,30.0
7530,70.0
7531,75.0
7532,40.0
7534,50.0
7535,32.0
7536,80.0
7537,30.0
7538,200.0
7542,50.0
7543,124.0
7544,124.0
7546,25.0
7547,120.0
7548,145.0
7550,50.0
7551,53.0
7552,39.0
7553,75.0
7554,199.0
7556,44.0
7557,30.0
7558,95.0
7559,64.0
7560,35.0
7561,25.0
7562,35.0
7564,28.0
7565,285.0
7567,40.0
7568,85.0
7569,75.0
7570,50.0
7571,45.0
7573,80.0
7574,48.0
7575,66.0
7576,115.0
7577,50.0
7578,89.0
7579,45.0
7580,20.0
7581,70.0
7582,70.0
7584,70.0
7586,58.0
7587,55.0
7588,80.0
7589,50.0
7590,50.0
7592,40.0
7593,80.0
7594,70.0
7595,70.0
7596,50.0
7597,28.0
7598,29.0
7599,50.0
7601,55.0
7602,130.0
7603,40.0
7604,169.0
7605,70.0
7606,44.0
7607,70.0
7608,100.0
7609,100.0
7610,111.0
7611,89.0
7612,35.0
7613,80.0
7614,110.0
7615,180.0
7616,35.0
7617,50.0
7619,27.0
7620,70.0
7621,23.0
7622,40.0
7623,50.0
7624,85.0
7625,30.0
7628,50.0
7629,28.0
7630,31.0
7631,55.0
7632,45.0
7633,47.0
7634,110.0
7635,55.0
7637,25.0
7639,157.0
7640,40.0
7641,49.0
7642,75.0
7643,32.0
7644,90.0
7645,150.0
7646,125.0
7647,65.0
7648,48.0
7649,70.0
7650,50.0
7651,55.0
7652,95.0
7653,20.0
7654,45.0
7656,48.0
7657,45.0
7658,95.0
7659,300.0
7660,45.0
7661,51.0
7662,120.0
7664,42.0
7665,250.0
7668,50.0
7669,17.0
7671,79.0
7673,40.0
7674,55.0
7675,390.0
7676,70.0
7677,145.0
7679,65.0
7680,85.0
7681,25.0
7682,130.0
7683,69.0
7684,40.0
7685,95.0
7687,60.0
7688,90.0
7690,29.0
7691,70.0
7692,30.0
7693,40.0
7694,90.0
7695,75.0
7696,200.0
7697,80.0
7698,40.0
7699,40.0
7700,85.0
7701,40.0
7702,25.0
7704,100.0
7705,55.0
7706,120.0
7707,62.0
7708,80.0
7709,50.0
7710,29.0
7711,41.0
7712,45.0
7713,40.0
7714,45.0
7715,50.0
7716,23.0
7717,45.0
7718,290.0
7719,50.0
7721,150.0
7723,69.0
7724,104.0
7725,80.0
7726,600.0
7727,100.0
7729,180.0
7730,40.0
7731,50.0
7733,50.0
7734,65.0
7735,45.0
7736,55.0
7737,85.0
7740,50.0
7741,60.0
7742,70.0
7743,26.0
7744,35.0
7746,45.0
7747,80.0
7748,80.0
7750,38.0
7751,60.0
7752,80.0
7753,90.0
7754,125.0
7755,60.0
7757,28.0
7759,20.0
7761,35.0
7762,40.0
7763,60.0
7764,40.0
7766,40.0
7767,59.0
7768,59.0
7769,169.0
7770,65.0
7772,130.0
7773,125.0
7774,60.0
7775,43.0
7776,200.0
7777,50.0
7778,50.0
7779,80.0
7780,320.0
7781,150.0
7782,100.0
7783,100.0
7784,35.0
7786,25.0
7787,55.0
7788,35.0
7789,32.0
7790,60.0
7791,50.0
7792,40.0
7793,50.0
7794,32.0
7796,60.0
7797,65.0
7798,39.0
7799,119.0
7800,80.0
7801,35.0
7802,38.0
7803,30.0
7804,220.0
7805,90.0
7806,150.0
7807,60.0
7808,30.0
7809,34.0
7810,52.0
7811,150.0
7812,38.0
7813,45.0
7814,30.0
7816,120.0
7818,50.0
7819,65.0
7820,59.0
7821,10.0
7822,30.0
7824,285.0
7825,39.0
7826,50.0
7827,30.0
7828,70.0
7829,55.0
7830,40.0
7831,100.0
7832,45.0
7833,80.0
7834,35.0
7835,45.0
7836,45.0
7837,100.0
7838,70.0
7839,50.0
7840,195.0
7841,50.0
7842,38.0
7843,112.0
7844,42.0
7845,80.0
7846,65.0
7847,40.0
7849,110.0
7850,35.0
7851,72.0
7852,99.0
7853,179.0
7854,70.0
7855,170.0
7856,60.0
7857,19.0
7858,150.0
7859,48.0
7860,39.0
7861,28.0
7862,60.0
7863,35.0
7864,100.0
7865,40.0
7866,60.0
7870,49.0
7871,65.0
7872,112.0
7873,45.0
7874,90.0
7875,55.0
7876,35.0
7877,50.0
7878,45.0
7879,90.0
7880,40.0
7881,26.0
7882,18.0
7883,50.0
7884,40.0
7885,35.0
7886,55.0
7887,50.0
7888,100.0
7889,50.0
7890,90.0
7891,45.0
7892,50.0
7895,80.0
7896,89.0
7897,55.0
7898,35.0
7899,35.0
7900,40.0
7901,67.0
7902,47.0
7903,150.0
7905,95.0
7906,40.0
7907,34.0
7908,90.0
7909,48.0
7910,28.0
7911,120.0
7913,40.0
7915,50.0
7916,52.0
7918,37.0
7919,30.0
7920,21.0
7921,17.0
7922,35.0
7924,36.0
7925,79.0
7926,40.0
7930,70.0
7931,33.0
7932,62.0
7933,75.0
7937,35.0
7938,65.0
7939,50.0
7940,160.0
7941,85.0
7942,60.0
7943,75.0
7944,45.0
7945,30.0
7946,55.0
7947,42.0
7948,45.0
7950,25.0
7951,32.0
7952,350.0
7953,60.0
7954,35.0
7955,36.0
7956,80.0
7957,58.0
7959,40.0
7960,50.0
7961,120.0
7962,100.0
7963,90.0
7965,70.0
7966,40.0
7967,35.0
7968,55.0
7969,40.0
7973,120.0
7974,50.0
7975,75.0
7976,50.0
7977,35.0
7978,50.0
7979,80.0
7980,55.0
7981,28.0
7982,20.0
7983,18.0
7984,250.0
7986,45.0
7987,110.0
7988,69.0
7989,270.0
7990,350.0
7991,40.0
7992,35.0
7993,65.0
7994,22.0
7995,55.0
7996,25.0
7997,26.0
7998,25.0
7999,40.0
8000,87.0
8001,55.0
8002,80.0
8003,45.0
8006,33.0
8007,52.0
8008,155.0
8009,94.0
8010,80.0
8011,60.0
8012,22.0
8013,60.0
8014,54.0
8016,55.0
8017,230.0
8018,33.0
8019,40.0
8020,75.0
8021,45.0
8022,60.0
8024,45.0
8025,130.0
8026,45.0
8027,130.0
8028,45.0
8029,28.0
8030,60.0
8031,85.0
8032,55.0
8033,120.0
8034,45.0
8036,28.0
8037,106.0
8038,30.0
8039,59.0
8040,57.0
8041,30.0
8042,55.0
8043,50.0
8044,160.0
8045,32.0
8046,75.0
8048,50.0
8049,46.0
8050,40.0
8051,28.0
8053,42.0
8054,60.0
8055,53.0
8056,31.0
8057,50.0
8058,59.0
8060,33.0
8063,80.0
8064,40.0
8065,40.0
8066,60.0
8067,85.0
8068,59.0
8069,55.0
8070,42.0
8071,50.0
8072,28.0
8073,135.0
8074,40.0
8075,57.0
8076,100.0
8077,120.0
8078,39.0
8079,50.0
8080,45.0
8081,40.0
8082,80.0
8083,30.0
8084,70.0
8085,60.0
8086,35.0
8087,90.0
8088,190.0
8090,65.0
8091,75.0
8092,51.0
8094,50.0
8095,59.0
8096,120.0
8097,99.0
8098,100.0
8099,22.0
8101,55.0
8102,70.0
8103,37.0
8104,63.0
8105,79.0
8106,48.0
8107,40.0
8108,40.0
8109,59.0
8110,69.0
8111,21.0
8112,35.0
8113,80.0
8114,60.0
8115,65.0
8117,80.0
8118,78.0
8119,25.0
8120,50.0
8121,45.0
8122,95.0
8123,59.0
8124,120.0
8125,70.0
8126,195.0
8128,65.0
8129,40.0
8131,35.0
8132,68.0
8133,45.0
8134,54.0
8136,95.0
8137,45.0
8138,50.0
8140,40.0
8141,24.0
8142,58.0
8143,60.0
8145,60.0
8146,45.0
8147,250.0
8148,39.0
8149,35.0
8150,200.0
8152,35.0
8153,120.0
8154,30.0
8155,35.0
8156,50.0
8158,20.0
8160,89.0
8161,49.0
8162,70.0
8164,50.0
8167,65.0
8168,45.0
8169,84.0
8172,50.0
8173,45.0
8174,37.0
8175,289.0
8177,290.0
8178,100.0
8180,76.0
8181,40.0
8185,71.0
8186,65.0
8188,60.0
8189,22.0
8190,20.0
8191,25.0
8192,36.0
8193,15.0
8194,40.0
8195,22.0
8196,80.0
8197,30.0
8198,45.0
8199,60.0
8200,32.0
8201,45.0
8203,150.0
8204,40.0
8205,120.0
8206,109.0
8207,140.0
8209,49.0
8210,26.0
8211,80.0
8212,115.0
8213,59.0
8215,30.0
8216,55.0
8217,60.0
8218,31.0
8219,90.0
8221,130.0
8223,35.0
8224,55.0
8225,39.0
8226,25.0
8227,48.0
8228,60.0
8229,35.0
8230,65.0
8231,50.0
8233,65.0
8234,50.0
8236,65.0
8237,45.0
8238,24.0
8239,130.0
8240,25.0
8241,25.0
8242,120.0
8243,35.0
8245,40.0
8247,138.0
8248,48.0
8249,30.0
8250,100.0
8251,30.0
8252,26.0
8253,58.0
8255,53.0
8256,75.0
8257,50.0
8258,37.0
8259,60.0
8260,30.0
8261,35.0
8262,50.0
8263,59.0
8264,59.0
8265,95.0
8266,40.0
8267,50.0
8268,50.0
8269,70.0
8270,45.0
8271,38.0
8272,35.0
8273,119.0
8276,181.0
8278,79.0
8280,38.0
8281,52.0
8282,30.0
8283,70.0
8284,20.0
8286,75.0
8287,50.0
8288,41.0
8289,26.0
8290,70.0
8291,70.0
8292,30.0
8294,35.0
8295,250.0
8296,238.0
8297,32.0
8299,70.0
8300,20.0
8301,40.0
8302,35.0
8303,33.0
8304,40.0
8305,45.0
8306,60.0
8307,35.0
8308,40.0
8309,70.0
8310,60.0
8311,110.0
8312,20.0
8313,50.0
8314,70.0
8315,45.0
8316,35.0
8317,55.0
8319,120.0
8320,47.0
8321,32.0
8322,75.0
8323,50.0
8324,72.0
8325,70.0
8326,90.0
8330,130.0
8331,100.0
8332,45.0
8333,62.0
8334,118.0
8335,75.0
8336,400.0
8337,15.0
8338,90.0
8339,25.0
8342,33.0
8344,40.0
8345,55.0
8346,55.0
8347,37.0
8348,80.0
8349,65.0
8350,65.0
8351,40.0
8352,80.0
8353,20.0
8354,110.0
8355,40.0
8356,60.0
8357,70.0
8358,150.0
8359,70.0
8360,90.0
8361,50.0
8362,55.0
8363,25.0
8364,80.0
8365,90.0
8366,33.0
8367,40.0
8370,60.0
8371,50.0
8372,55.0
8374,40.0
8375,100.0
8376,50.0
8377,28.0
8378,110.0
8380,20.0
8381,55.0
8382,70.0
8383,47.0
8384,79.0
8385,35.0
8386,30.0
8387,27.0
8388,53.0
8389,129.0
8390,35.0
8391,35.0
8393,170.0
8394,100.0
8395,120.0
8398,239.0
8399,42.0
8400,80.0
8401,60.0
8402,100.0
8403,80.0
8404,50.0
8405,70.0
8406,36.0
8407,139.0
8410,135.0
8411,150.0
8412,100.0
8413,100.0
8414,60.0
8415,42.0
8416,30.0
8417,23.0
8418,45.0
8419,75.0
8420,90.0
8421,250.0
8422,30.0
8424,45.0
8425,60.0
8426,110.0
8427,80.0
8429,80.0
8431,90.0
8433,24.0
8434,65.0
8435,38.0
8436,60.0
8437,55.0
8438,97.0
8440,30.0
8442,45.0
8443,45.0
8444,20.0
8445,130.0
8446,45.0
8448,55.0
8449,25.0
8450,49.0
8451,25.0
8452,55.0
8454,55.0
8455,60.0
8456,75.0
8457,300.0
8459,62.0
8460,54.0
8461,60.0
8462,95.0
8463,40.0
8464,45.0
8465,50.0
8466,260.0
8467,170.0
8468,45.0
8470,95.0
8471,41.0
8473,85.0
8475,40.0
8476,40.0
8477,60.0
8479,60.0
8480,150.0
8481,170.0
8482,60.0
8483,60.0
8484,59.0
8485,350.0
8486,30.0
8487,58.0
8488,40.0
8489,60.0
8491,50.0
8492,38.0
8493,35.0
8494,140.0
8496,60.0
8497,85.0
8498,150.0
8500,25.0
8501,40.0
8502,75.0
8503,220.0
8504,90.0
8505,41.0
8506,50.0
8508,100.0
8509,60.0
8510,75.0
8512,550.0
8514,37.0
8515,42.0
8516,68.0
8518,160.0
8519,60.0
8520,70.0
8521,41.0
8523,50.0
8524,40.0
8526,80.0
8527,250.0
8528,50.0
8529,215.0
8530,271.0
8531,90.0
8532,55.0
8533,36.0
8535,50.0
8536,57.0
8537,60.0
8538,35.0
8539,37.0
8541,32.0
8542,250.0
8543,55.0
8545,25.0
8547,35.0
8548,100.0
8549,50.0
8550,19.0
8551,30.0
8552,60.0
8554,50.0
8556,50.0
8557,40.0
8558,68.0
8560,65.0
8561,50.0
8562,25.0
8563,47.0
8564,57.0
8565,35.0
8567,65.0
8568,40.0
8569,38.0
8570,21.0
8572,120.0
8573,45.0
8574,30.0
8575,34.0
8576,60.0
8578,29.0
8579,55.0
8581,29.0
8583,85.0
8584,56.0
8585,125.0
8586,12.0
8587,47.0
8588,30.0
8590,45.0
8591,50.0
8592,75.0
8593,35.0
8594,100.0
8595,45.0
8596,40.0
8597,350.0
8599,95.0
8600,70.0
8601,90.0
8602,40.0
8603,24.0
8604,100.0
8605,65.0
8606,55.0
8607,150.0
8608,55.0
8609,45.0
8610,260.0
8611,120.0
8612,60.0
8613,50.0
8614,50.0
8615,80.0
8616,109.0
8617,40.0
8618,50.0
8619,45.0
8620,35.0
8621,70.0
8622,115.0
8623,51.0
8624,160.0
8625,16.0
8626,50.0
8627,33.0
8629,45.0
8632,40.0
8633,179.0
8634,59.0
8636,50.0
8637,80.0
8638,110.0
8639,35.0
8641,28.0
8642,37.0
8643,32.0
8645,50.0
8646,40.0
8648,47.0
8649,75.0
8650,48.0
8651,160.0
8652,72.0
8653,80.0
8654,48.0
8655,85.0
8656,80.0
8657,54.0
8658,60.0
8659,55.0
8660,78.0
8662,35.0
8664,45.0
8665,34.0
8667,120.0
8668,60.0
8669,70.0
8671,45.0
8672,25.0
8673,65.0
8674,85.0
8675,1000.0
8676,1000.0
8677,110.0
8678,35.0
8680,74.0
8681,60.0
8682,280.0
8683,40.0
8685,30.0
8686,120.0
8687,28.0
8688,87.0
8689,75.0
8691,60.0
8693,59.0
8694,35.0
8695,40.0
8696,250.0
8697,190.0
8699,44.0
8700,150.0
8701,70.0
8702,45.0
8703,180.0
8704,65.0
8705,29.0
8707,60.0
8708,55.0
8709,149.0
8710,45.0
8711,55.0
8714,80.0
8715,45.0
8716,65.0
8717,65.0
8718,59.0
8719,95.0
8720,45.0
8721,70.0
8722,300.0
8723,120.0
8724,20.0
8725,95.0
8726,70.0
8727,75.0
8728,60.0
8730,49.0
8731,31.0
8732,55.0
8733,89.0
8735,59.0
8736,72.0
8737,50.0
8738,65.0
8740,35.0
8741,50.0
8742,50.0
8743,39.0
8744,68.0
8745,16.0
8746,49.0
8747,45.0
8750,45.0
8751,120.0
8752,45.0
8753,25.0
8754,47.0
8755,20.0
8756,75.0
8758,35.0
8759,29.0
8760,80.0
8762,60.0
8763,350.0
8764,45.0
8765,46.0
8766,44.0
8767,40.0
8768,70.0
8769,42.0
8770,130.0
8772,38.0
8773,48.0
8775,62.0
8777,49.0
8780,90.0
8781,170.0
8782,60.0
8783,75.0
8784,90.0
8785,85.0
8786,40.0
8787,67.0
8788,28.0
8790,43.0
8791,60.0
8792,35.0
8793,46.0
8794,65.0
8795,74.0
8796,27.0
8797,29.0
8798,60.0
8799,40.0
8800,33.0
8801,123.0
8802,45.0
8804,59.0
8805,280.0
8806,20.0
8807,45.0
8809,60.0
8810,239.0
8813,35.0
8814,80.0
8815,70.0
8816,20.0
8817,46.0
8818,30.0
8822,110.0
8823,100.0
8824,70.0
8825,41.0
8826,32.0
8827,75.0
8828,150.0
8829,34.0
8830,38.0
8831,23.0
8832,150.0
8833,70.0
8834,100.0
8835,80.0
8837,40.0
8838,49.0
8839,110.0
8840,48.0
8841,50.0
8842,55.0
8844,60.0
8845,140.0
8846,60.0
8847,50.0
8848,50.0
8849,50.0
8850,90.0
8851,39.0
8852,35.0
8853,200.0
8855,60.0
8858,45.0
8859,45.0
8860,39.0
8861,79.0
8862,30.0
8863,50.0
8864,110.0
8865,78.0
8866,25.0
8867,60.0
8869,95.0
8870,60.0
8871,30.0
8872,30.0
8873,105.0
8874,50.0
8875,62.0
8876,13.0
8877,160.0
8878,50.0
8879,250.0
8880,25.0
8881,44.0
8882,25.0
8883,75.0
8884,30.0
8885,150.0
8886,68.0
8887,55.0
8888,150.0
8889,150.0
8890,35.0
8892,50.0
8893,50.0
8894,35.0
8895,30.0
8897,43.0
8898,60.0
8899,65.0
8901,28.0
8903,75.0
8904,55.0
8905,60.0
8906,28.0
8907,120.0
8908,125.0
8909,83.0
8911,30.0
8912,57.0
8913,70.0
8914,60.0
8915,26.0
8917,45.0
8918,80.0
8919,50.0
8920,48.0
8921,48.0
8922,83.0
8923,140.0
8929,80.0
8931,50.0
8932,50.0
8933,60.0
8934,135.0
8936,32.0
8937,62.0
8939,70.0
8940,40.0
8941,27.0
8942,110.0
8943,75.0
8944,85.0
8948,65.0
8949,25.0
8950,80.0
8951,20.0
8953,80.0
8956,40.0
8957,49.0
8958,35.0
8959,35.0
8960,25.0
8961,50.0
8963,80.0
8965,65.0
8966,70.0
8967,40.0
8969,75.0
8970,90.0
8971,257.0
8972,35.0
8975,26.0
8976,41.0
8977,80.0
8978,95.0
8980,60.0
8981,80.0
8983,69.0
8986,70.0
8988,80.0
8989,200.0
8990,24.0
8991,40.0
8992,65.0
8993,50.0
8994,60.0
8995,75.0
8996,65.0
8997,30.0
8998,50.0
8999,48.0
9000,78.0
9001,67.0
9002,195.0
9003,95.0
9004,65.0
9005,58.0
9006,72.0
9007,75.0
9008,45.0
9009,70.0
9010,27.0
9011,65.0
9012,79.0
9013,25.0
9015,120.0
9016,120.0
9017,28.0
9018,80.0
9019,25.0
9020,35.0
9021,90.0
9022,90.0
9023,30.0
9024,30.0
9025,60.0
9027,45.0
9028,70.0
9029,120.0
9030,90.0
9031,50.0
9032,48.0
9033,160.0
9034,50.0
9035,100.0
9036,30.0
9037,50.0
9038,37.0
9039,52.0
9041,52.0
9042,70.0
9043,90.0
9044,30.0
9045,55.0
9046,30.0
9047,35.0
9048,200.0
9049,50.0
9050,39.0
9051,30.0
9052,45.0
9053,30.0
9055,45.0
9056,30.0
9057,75.0
9058,50.0
9059,28.0
9060,120.0
9061,35.0
9062,26.0
9063,40.0
9064,50.0
9065,70.0
9066,128.0
9067,65.0
9068,50.0
9069,63.0
9070,30.0
9071,80.0
9072,80.0
9073,30.0
9074,50.0
9075,47.0
9076,90.0
9077,50.0
9079,100.0
9080,45.0
9081,95.0
9082,90.0
9083,60.0
9085,39.0
9086,68.0
9087,200.0
9089,38.0
9090,49.0
9091,40.0
9092,60.0
9095,24.0
9096,50.0
9097,109.0
9098,89.0
9099,63.0
9100,48.0
9101,46.0
9102,65.0
9104,50.0
9105,39.0
9106,58.0
9107,41.0
9108,57.0
9109,75.0
9110,69.0
9111,45.0
9112,21.0
9113,45.0
9114,147.0
9115,78.0
9116,75.0
9117,50.0
9118,167.0
9120,110.0
9121,30.0
9122,45.0
9123,85.0
9124,40.0
9125,27.0
9126,100.0
9127,70.0
9129,19.0
9130,45.0
9131,35.0
9132,35.0
9133,95.0
9135,45.0
9136,43.0
9137,24.0
9139,60.0
9140,60.0
9141,45.0
9143,30.0
9144,23.0
9145,45.0
9150,85.0
9153,150.0
9154,40.0
9161,29.0
9162,101.0
9164,40.0
9165,125.0
9166,50.0
9167,110.0
9168,150.0
9170,65.0
9171,75.0
9172,35.0
9174,45.0
9175,46.0
9176,30.0
9177,35.0
9178,36.0
9179,25.0
9180,45.0
9182,79.0
9183,65.0
9184,21.0
9186,50.0
9187,33.0
9188,45.0
9189,80.0
9193,65.0
9195,66.0
9196,40.0
9197,45.0
9198,60.0
9199,80.0
9200,60.0
9201,60.0
9202,60.0
9203,34.0
9204,40.0
9205,49.0
9206,35.0
9207,40.0
9209,48.0
9210,25.0
9212,35.0
9213,70.0
9214,270.0
9215,30.0
9217,30.0
9218,70.0
9219,50.0
9220,60.0
9221,57.0
9222,48.0
9223,40.0
9227,70.0
9228,70.0
9229,63.0
9230,40.0
9231,140.0
9232,35.0
9233,60.0
9234,60.0
9235,29.0
9236,25.0
9237,80.0
9238,21.0
9239,15.0
9240,38.0
9242,40.0
9243,45.0
9244,35.0
9245,150.0
9248,70.0
9249,34.0
9250,40.0
9251,40.0
9252,22.0
9253,30.0
9254,80.0
9255,30.0
9257,20.0
9259,55.0
9262,250.0
9263,55.0
9264,55.0
9265,25.0
9267,50.0
9269,40.0
9270,30.0
9271,30.0
9272,44.0
9273,75.0
9275,85.0
9276,50.0
9277,38.0
9278,70.0
9279,40.0
9280,34.0
9281,40.0
9283,34.0
9284,43.0
9287,130.0
9291,120.0
9292,28.0
9293,40.0
9294,117.0
9295,87.0
9296,50.0
9297,55.0
9298,32.0
9299,45.0
9300,30.0
9301,45.0
9302,19.0
9303,65.0
9304,27.0
9305,50.0
9306,22.0
9307,50.0
9308,26.0
9310,27.0
9311,25.0
9312,39.0
9313,60.0
9314,65.0
9315,45.0
9316,156.0
9317,60.0
9318,25.0
9320,50.0
9321,50.0
9322,20.0
9323,25.0
9324,125.0
9325,110.0
9326,55.0
9327,70.0
9328,89.0
9329,28.0
9330,28.0
9331,40.0
9332,85.0
9334,52.0
9335,21.0
9336,120.0
9338,30.0
9339,75.0
9340,30.0
9341,150.0
9342,23.0
9344,60.0
9345,63.0
9346,85.0
9347,6560.0
9348,44.0
9349,40.0
9350,55.0
9351,70.0
9352,80.0
9354,50.0
9355,90.0
9356,25.0
9357,39.0
9358,78.0
9359,90.0
9360,40.0
9361,75.0
9362,195.0
9363,68.0
9364,35.0
9365,79.0
9366,49.0
9367,75.0
9368,49.0
9370,65.0
9372,165.0
9373,34.0
9374,65.0
9375,48.0
9376,30.0
9377,30.0
9378,40.0
9380,30.0
9382,45.0
9383,37.0
9384,30.0
9387,50.0
9388,38.0
9389,70.0
9390,30.0
9391,40.0
9392,60.0
9393,40.0
9394,23.0
9395,228.0
9398,24.0
9400,25.0
9402,70.0
9403,70.0
9406,35.0
9407,46.0
9408,40.0
9409,65.0
9412,60.0
9414,40.0
9415,70.0
9419,70.0
9421,40.0
9422,55.0
9423,120.0
9424,55.0
9426,20.0
9427,50.0
9428,48.0
9429,25.0
9430,60.0
9431,40.0
9432,85.0
9433,65.0
9434,40.0
9435,90.0
9436,45.0
9437,40.0
9438,22.0
9439,35.0
9441,20.0
9442,45.0
9443,65.0
9445,115.0
9446,30.0
9447,17.0
9449,23.0
9450,50.0
9451,45.0
9453,50.0
9454,35.0
9455,35.0
9456,60.0
9457,50.0
9458,80.0
9459,25.0
9460,35.0
9461,20.0
9464,130.0
9465,46.0
9466,50.0
9467,69.0
9468,35.0
9469,33.0
9471,39.0
9472,39.0
9475,30.0
9476,40.0
9477,90.0
9479,45.0
9481,50.0
9483,45.0
9484,49.0
9485,30.0
9486,30.0
9487,49.0
9489,259.0
9490,49.0
9491,50.0
9492,35.0
9493,70.0
9494,150.0
9498,35.0
9499,45.0
9500,24.0
9501,20.0
9502,50.0
9504,50.0
9505,28.0
9507,45.0
9508,150.0
9509,70.0
9511,40.0
9512,88.0
9513,50.0
9514,75.0
9515,40.0
9516,70.0
9517,55.0
9518,70.0
9520,75.0
9521,75.0
9522,40.0
9523,49.0
9524,45.0
9525,90.0
9526,75.0
9527,50.0
9528,45.0
9530,27.0
9532,38.0
9533,40.0
9536,40.0
9537,95.0
9539,25.0
9540,120.0
9542,50.0
9543,21.0
9545,99.0
9546,69.0
9547,38.0
9548,28.0
9550,59.0
9551,70.0
9552,80.0
9553,80.0
9554,140.0
9555,25.0
9556,45.0
9560,23.0
9561,40.0
9562,45.0
9563,80.0
9564,70.0
9565,75.0
9566,20.0
9567,110.0
9568,65.0
9570,39.0
9572,40.0
9573,55.0
9574,35.0
9577,20.0
9578,59.0
9581,30.0
9582,85.0
9583,25.0
9584,65.0
9586,170.0
9588,70.0
9589,40.0
9591,40.0
9592,75.0
9593,35.0
9594,50.0
9596,50.0
9598,34.0
9599,90.0
9601,50.0
9602,22.0
9603,45.0
9604,39.0
9605,69.0
9606,39.0
9607,45.0
9608,60.0
9610,80.0
9611,58.0
9613,17.0
9615,15.0
9616,80.0
9617,55.0
9619,100.0
9621,48.0
9623,50.0
9624,43.0
9625,20.0
9627,125.0
9628,49.0
9632,86.0
9634,60.0
9635,43.0
9636,40.0
9637,25.0
9640,40.0
9641,40.0
9642,50.0
9644,90.0
9645,20.0
9646,49.0
9647,55.0
9648,120.0
9649,30.0
9650,40.0
9653,65.0
9654,90.0
9655,50.0
9656,31.0
9657,50.0
9658,35.0
9659,40.0
9660,59.0
9662,45.0
9665,90.0
9666,30.0
9667,70.0
9669,40.0
9670,25.0
9671,120.0
9673,35.0
9674,25.0
9675,25.0
9676,45.0
9677,40.0
9678,70.0
9679,35.0
9682,55.0
9686,29.0
9688,65.0
9689,120.0
9697,60.0
9700,31.0
9701,24.0
9702,70.0
9703,25.0
9704,37.0
9705,40.0
9706,32.0
9707,85.0
9708,75.0
9709,29.0
9710,30.0
9713,45.0
9716,20.0
9717,70.0
9718,120.0
9720,55.0
9722,70.0
9724,25.0
9725,60.0
9726,30.0
9728,25.0
9734,45.0
9736,45.0
9737,30.0
9738,45.0
9739,55.0
9740,65.0
9741,45.0
9743,25.0
9745,31.0
9746,45.0
9753,32.0
9754,75.0
9755,17.0
9756,32.0
9761,33.0
9766,35.0
9768,15.0
9770,125.0
9771,150.0
9773,37.0
9774,70.0
9777,26.0
9778,35.0
9780,10.0
9781,37.0
9783,45.0
9785,80.0
9786,370.0
9788,35.0
9789,130.0
9790,45.0
9795,55.0
9798,38.0
9799,23.0
9803,50.0
9804,50.0
9811,110.0
9813,22.0
9820,80.0
9824,60.0
9825,45.0
9826,40.0
9828,25.0
9830,29.0
9832,30.0
9839,32.0
9840,45.0
9841,25.0
9886,41.0
9906,40.0
9909,100.0
9910,65.0
9914,40.0
9924,40.0
9929,50.0
9943,20.0
